Zfp146,26465
Ets1,23871
Mxd3,17121
Rhox6,-
Zfp82,330502
Lef1,16842
Hoxa5,15402
Ahr,11622
Gmeb1,56809
E2f5,13559
Hoxb5,15413
Nr0b1,11614
Elf2,69257
Rest,19712
Zfp644,52397
Sox6,20679
Gm5294,384244
Nfix,18032
Tcf7,21414
Zbtb22,81630
Hoxd8,15437
Tbx22,245572
Zfp870,240066
Zfp872,619310
Gm4981,245263
Insm2,56856
Msx3,17703
Nfe2l3,18025
Gm28168,-
Rfx4,71137
Foxa3,15377
Zbtb25,109929
Gm28363,-
Foxc2,14234
Gabpa,14390
Gm10226,-
Hmbox1,219150
Zfp707,69020
AC113536.1,-
Nanog,71950
Zfp459,328274
Gm9045,-
Zfp202,80902
Hmx3,15373
Zfp712,78251
Irf5,27056
Foxi1,14233
Zkscan7,382118
Hoxa4,15401
Sox17,20671
Rhox2h,622301
Dux,-
Bhlhe41,79362
Baz2b,407823
Gm2004,-
Zkscan8,93681
Npas3,27386
Gm10139,-
Gm9048,-
Glmp,56700
Zfp442,668923
Zfp105,22646
Spi1,20375
Esr2,13983
Zfp943,74670
Gm14443,-
Gm11007,-
Zfp580,68992
CT573016.1,-
Zfp36l2,12193
Foxa2,15376
Myf6,17878
Nr1d2,353187
Six3,20473
Zfp740,68744
Nr2e3,23958
Foxq1,15220
Rere,68703
Rhox3a,382209
Csrnp1,215418
Snai2,20583
Prop1,19127
Duxf3,-
Myf5,17877
Sox9,20682
Camta2,216874
Sox4,20677
Esr1,13982
Zfp266,77519
Zfp54,22712
Hes6,55927
Nkx2-1,21869
Foxo4,54601
Aff1,17355
Tbx3,21386
Gm44973,-
Zfp748,212276
Zfp352,236537
Ssrp1,20833
Zfp936,668620
Arid1a,93760
Tcf24,100039596
Sox2,20674
Sox10,20665
Thap2,66816
Zfp772,232855
Bbx,70508
Gbx2,14472
Rhox3g,546294
Hlx,15284
Fezf1,73191
Eomes,13813
Pitx1,18740
Zfp866,330788
Hoxc4,15423
Tal1,21349
Gmeb2,229004
Ybx3,56449
Zfp874a,238692
Rxra,20181
Atf4,11911
Esx1,13984
Ascl4,67341
Zfp663,381405
Zfp941,407812
Sox1,20664
Arid4b,94246
Atf6,226641
Lhx8,16875
Tcf3,21423
Meis3,17537
Sox13,20668
Litaf,545182
Peg3,18616
Lrrfip2,71268
Srf,20807
Lhx5,16873
Zfp869,66869
Snai3,30927
Foxg1,15228
Insm1,53626
Zfp37,22696
Foxo1,56458
Zfp846,244721
Zfp600,-
Zfhx2,239102
Klf7,93691
Zfp455,218311
Zfp654,72020
Id1,15901
Tgif2lx1,245583
Thap12,72981
Gm35315,102638847
Dlx2,13392
Nfatc4,73181
Klf1,16596
E2f3,13557
Zfp787,67109
Zfp868,234362
Foxj2,60611
Zfp61,22719
Terf1,21749
Egr4,13656
Zfp42,22702
4930522L14Rik,100041734
Zfp474,66758
Zfp445,235682
Gm10772,-
Gm5141,380850
Prrxl1,107751
Stat1,20846
Aff2,14266
Glis3,226075
Foxo3,56484
Foxe1,110805
Rex2,100043034
AW146154,101835
Zfp473,243963
Mafa,378435
Zfp966,667962
Zfp148,22661
Gm14308,100043381
Irf2,16363
Zfp108,54678
Zbtb45,232879
Gm21836,-
Nfatc2,18019
Ascl5,226439
Zfp790,233056
Prox2,73422
Zbtb8a,73680
Nfat5,54446
2810021J22Rik,69944
Dlx4,13394
Zfp651,270210
Gm9040,-
Creb3,12913
Gm9376,668814
Zfp39,22698
Cdc5l,71702
Sebox,18292
Tbx6,21389
Cebpd,12609
Hes3,15207
Smad6,17130
Jazf1,231986
Hif3a,53417
Mef2c,17260
Zfp940,233057
Zfp808,630579
AC166164,-
Otx1,18423
Zfat,380993
Zfp114,232966
Trps1,83925
Barhl1,54422
Ubtfl1,546118
Zic2,22772
Rhox2g,434766
Rhox2e,100040016
Gcfc2,330361
Myc,17869
Zfp457,431706
Pou4f3,18998
Zfp758,224598
Gm14296,102639598
Pax1,18503
Nr1i3,12355
Sox5,20678
AC168977.1,102638047
Rit1,58208
5430403G16Rik,-
Foxn1,15218
Zfp385a,29813
Zfp623,78834
Mta2,23942
Zfp985,433804
Atoh1,11921
Hey2,15214
Hbp1,73389
Zfp536,243937
Hmgb1,15289
Hnf1a,21405
Pou4f1,18996
Zfp961,234413
Thap4,67026
Srebf1,20787
Pbx3,18516
Mafg,17134
Ebf3,13593
Pitx3,18742
Elk1,13712
Nr4a3,18124
Zbtb43,71834
Zscan5b,170734
Gm6020,-
Zik1,22775
Evx2,14029
Arid3b,56380
Gm3854,-
Rhox4e,194856
Zkscan6,52712
Foxp1,108655
Gm17655,-
Nfyb,18045
Nr3c2,110784
Nr5a2,26424
Foxa1,15375
Ubtf,21429
Zfp41,22701
L3mbtl4,320858
Zfp251,71591
Duxbl1,278672
Zfp273,212569
Tox3,244579
Hoxa1,15394
Fosb,14282
Gm14418,-
Nrf1,18181
Foxm1,14235
Obox8,-
Hand2,15111
Zfp516,329003
Gata1,14460
Atf6b,12915
Zfp408,381410
Hmg20a,66867
Nfe2l2,18024
Arnt,11863
Zbtb24,268294
Pou4f2,18997
Zfp64,22722
Rhox4a,664609
Ikzf2,22779
Ebf2,13592
Spic,20728
Vax2,24113
Zfp949,71640
Mafb,16658
Zfp292,30046
Pax4,18506
Nr1i2,18171
Zfp969,102639505
Prox1,19130
Zfp275,27081
Zfp980,100041379
Etv2,14008
Zbtb38,245007
Mef2a,17258
Zfp62,22720
Arntl,11865
Lyl1,17095
Zbtb3,75291
Mbd1,17190
Rarg,19411
Erf,13875
Twist2,13345
Nr0b2,23957
Zfp775,243372
Ahrr,11624
Msx2,17702
Klf14,619665
Elk3,13713
Elk4,13714
Tfap2d,226896
Atoh7,53404
Gm9772,-
Creb3l3,208677
Nr4a2,18227
Gsx1,14842
Nkx2-5,18091
Zfp472,224691
Rcor3,214742
Sp5,64406
Gm4881,232974
Zfp993,-
Mitf,17342
Mycn,18109
Tcf21,21412
Zfp287,170740
Zfp7,223669
Hmga1,15361
Rhox3e,100135657
Rhox4a2,100861640
Prrx2,20204
Crx,12951
Foxk1,17425
Thap1,73754
Zfp433,73610
Klf5,12224
Hhex,-
Zfp618,72701
Nfya,18044
Plagl2,54711
Prdm14,383491
Mbd2,17191
Setdb2,239122
Phox2b,18935
Rcor3,-
Zfp507,668501
Zfp871,208292
Smad1,17125
Zfp970,628308
Hoxb1,15407
Six5,20475
Zfp988,-
Mixl1,27217
Zfp59,22717
Usf1,22278
Pms1,227099
Ferd3l,114712
Hic1,15248
Gm3055,-
Ascl3,56787
Sohlh2,74434
Elf3,13710
Zfp850,100043772
Hoxb2,103889
Zkscan2,210162
AI854703,243373
Zfp142,77264
Mtf1,17764
Zfp1,22640
Sp110,109032
Rara,19401
Foxd2,17301
Baz2a,116848
Zfp995,70081
Gsx2,14843
Rreb1,68750
AW822073,100504180
Sox18,20672
Prdm2,110593
Ddit3,13198
Gm38394,-
Cebpe,110794
Zfp30,22693
Zscan4d,545913
Hoxa10,15395
Zfp128,243833
Zfp26,22688
Zfp296,63872
Alx3,11694
Trp53,22059
Ncor2,20602
Zfp960,449000
Gm21060,-
Ppara,19013
Zfp444,72667
Zfp51,22709
Gm14393,664987
Zfp992,-
Klf3,16599
Foxp2,114142
Maff,17133
Cux2,13048
Zfp747,269997
Zhx2,387609
Gm3604,100041979
Zscan26,432731
Pax7,18509
Dach2,93837
Foxj1,15223
Tal2,21350
Smad5,17129
Hinfp,102423
Zbtb48,100090
Dlx6,13396
Nkx6-3,74561
Zfp612,234725
AU041133,216177
Zbtb7c,207259
Zfp831,100043757
Zfp944,319615
Gm14401,-
Fev,260298
Zfp72,238722
Ikzf4,22781
Zfp91,664779
Pax6,18508
Zfp407,240476
Cphx1,105594
Zfp809,235047
Crem,12916
Rarb,218772
Erg,13876
Sox15,20670
Deaf1,54006
Zfp2,22678
Hsf2,15500
Nr2f2,11819
E2f1,13555
Tcf23,69852
Nfib,18028
Hoxb4,15412
Hmx2,15372
Zfp647,239546
Nfkb1,18033
Prdm1,12142
Zfp964,636741
Zfp78,330463
Zbtb20,56490
Nfil3,18030
Zscan4b,665780
Sub1,20024
Zfp990,101056073
Ctcf,13018
Ovol1,18426
Obox3,246791
Foxr2,436240
Sox30,214105
Mkrn2,67027
Zfp697,242109
Zfp746,69228
Zfp235,56525
Zfp600,667666
Mecp2,17257
Nr2c1,22025
LO018689.4,-
Evx1,14028
Spib,272382
Gm14403,-
Hoxa13,-
Spdef,30051
Gm32717,-
Gcm2,107889
Zfp605,675812
Pgr,18667
Dlx3,13393
Hoxb9,15417
Shox2,20429
Zfp236,329002
Mafk,17135
Zfp157,72154
Fli1,14247
Dmrt1,50796
Max,17187
Mxd1,17119
Hoxc9,15427
2610044O15Rik8,72139
Rhox2d,434760
Prdm12,381359
Zfp938,237411
Zfp112,57745
Tada2b,231151
Klf9,16601
Zfp169,67911
2410141K09Rik,76803
Trp63,22061
Zfp60,22718
Nr3c1,14815
Zfp182,319535
Zfp646,233905
Zkscan5,22757
Tead1,21676
Hoxa6,15403
Nfe2l1,18023
Prdm8,77630
Zmiz2,52915
Ovol2,107586
Zfp523,224656
Zfp94,22756
Mesp2,17293
Zfp658,210104
Tcf7l1,21415
Hdx,245596
Barx1,12022
Zfp46,22704
Bhlhe23,140489
Tfam,21780
Bach2,12014
Zfp109,56869
Tox,252838
Gm14419,-
Stat6,20852
Gfi1b,14582
Sox12,20667
Gtf3a,66596
Lhx6,16874
Pou3f3,18993
Gm12258,108167848
Stat3,20848
Gm5767,-
Zfp28,22690
Pou2f3,18988
Zfx,22764
Rfx3,19726
Dach1,13134
Arid5a,214855
Satb1,20230
Tfap2c,21420
Cux1,13047
Zfp429,72807
Zfp541,666528
Smad3,17127
Yy2,100073351
Zfp81,224694
Olig1,50914
Sox14,20669
Pknox2,208076
Ctcfl,664799
Nobox,18291
Tada2a,217031
Bcl6,12053
Jun,16476
Tbx15,21384
Tlx2,21909
Mzf1,109889
Clock,12753
Zfp974,73430
Ikzf5,67143
Zfp90,22751
Zfp683,-
Zfp989,-
Foxi2,270004
Prdm10,382066
Jarid2,16468
Nrl,18185
Foxe3,30923
Csrnp2,207785
Tlx1,21908
Rcor1,217864
Pou3f1,18991
Arid3a,13496
Lmx1a,110648
Tcf4,21413
Gm15446,100642166
Zfp759,268670
Zfp947,210853
Zfp607b,112415
Tbx20,57246
Zfp945,240041
Zfp84,74352
Mef2b,105980076
Six6,20476
Zic5,65100
Rorb,225998
Nr1h3,22259
Mbd4,17193
AC153379,-
Arid5b,71371
Rxrb,20182
Vsx1,114889
Zfp953,629016
Dbx1,13172
Gm28557,-
Foxb1,64290
Tsc22d2,72033
Sim1,20464
Klf10,21847
Tsc22d4,78829
Mbd3,17192
E2f8,108961
Rhox2c,100039948
Zfp141,434178
Gm14406,-
Klf2,16598
Gm14434,668039
Onecut3,246086
Zfp689,71131
Klf12,16597
Zbed4,223773
Satb2,212712
Mybl1,17864
Hnf1b,21410
Zfp950,414758
Rhox7a,547168
Maf,17132
Cphx2,100039213
Zfp286,192651
Zfp709,236193
Gm4767,210583
Hoxc8,15426
Klf11,194655
Prdm9,213389
Usf2,22282
Etv3,27049
Ybx1,22608
Pknox1,18771
Gm13212,433801
2210418O10Rik,100504263
Zfp976,208111
Duxbl2,100039227
Foxl2,26927
Creb3l4,78284
Zbtb14,22666
Mlxip,208104
Nfxl1,100978
Zfp652,268469
Zscan4e,-
Sp7,170574
Dmrtc2,71241
LO018689.1,-
Ebf1,13591
Osr2,107587
Zfp418,232854
Mnt,17428
Creb3l1,26427
Hoxc12,15421
Atf5,107503
Prdm16,70673
Tfdp2,211586
Zhx1,-
Hoxd1,15429
Repin1,58887
Zbtb46,72147
Zfp113,56314
Setdb1,84505
Gm10509,-
Zfp987,-
Lbx1,16814
Zfpm1,22761
Gm10770,-
Thap7,69009
Mier3,218613
Irf9,16391
Grhl2,252973
Hoxb6,15414
Zfp551,619331
Olig2,50913
E2f2,242705
Zfp692,103836
Esrra,26379
Tfe3,209446
Zfp667,384763
Pias4,59004
En2,13799
Zfp120,104348
Jund,16478
Prdm15,114604
Klf15,66277
Jund,-
Mycl,16918
Zfp800,627049
Zfp58,238693
Tfap2b,21419
Dmrta1,242523
Nr1h2,22260
Fos,14281
Zfp24,59057
Nr2c2,22026
Ebf4,228598
Zbtb18,30928
Foxp3,20371
Runx3,12399
Tfec,21426
Gsc2,195333
Nfatc1,18018
Gm28360,-
Tcfl5,277353
Zfp575,101544
Zfp956,101197
Gm14412,-
Wiz,22404
Gm21994,-
T,20997
Zfp397,69256
Sim2,20465
Zfp426,235028
Zfp771,244216
Gm9049,-
Zfp984,100041677
Tcf15,21407
Arx,11878
Zfp882,382019
Neurod2,18013
Zfp946,74149
Gm14139,100271882
Smarce1,57376
Ncor1,20185
Zfp189,230162
Sp1,20683
Nkx2-3,18089
Zfp260,26466
Rhox4g,664608
Aff3,16764
Sall2,50524
Zfp579,68490
Hey1,15213
Prdm4,72843
Tshz1,110796
Zfp768,233890
Zfp958,233987
Maz,17188
Zkscan16,100041581
Zfp160,224585
Zfp963,620419
Zfp672,319475
Zbtb37,240869
D130040H23Rik,211135
Zfp13,22654
Zfp616,327963
Zbtb2,381990
Irf1,16362
Zbtb26,320633
Mlx,21428
Sp100,20684
Crebzf,233490
Zfhx4,80892
Ikzf1,22778
En1,13798
Atf7,223922
Pou2f1,18986
Grhl1,195733
Zscan4-ps1,-
Gm14322,626802
Zfp968,100043914
Zfp383,73729
Zfp454,237758
Foxi3,232077
Smad4,17128
Zfp977,208111
Irx1,16371
Zfp967,100303732
Sp3,20687
Zfp362,230761
Zbtb5,230119
Zbtb39,320080
Zkscan1,74570
Etv1,14009
Glis2,83396
Gm2026,100039060
Mxi1,17859
Ets2,23872
Creb1,12912
Gm45871,108168395
Rfx6,320995
Smad7,17131
Zbtb44,235132
Foxd4,14237
Zkscan14,67235
Rhox9,-
Nkx1-2,20231
Zfp973,545490
Hmgb3,15354
Isx,71597
Zfp592,233410
Rhox4b,57737
Rsl1,380855
Zfp382,233060
Zfp354b,27274
Zfp281,226442
Sp6,83395
Camta1,100072
Meox1,17285
Cdx4,12592
Foxc1,17300
Emx2,13797
Zfp101,22643
Hoxb7,15415
Zfp687,78266
Usf3,207806
Pou5f2,75507
Zfp983,73229
Nfx1,74164
Mbtps2,270669
Zfp68,24135
Thrb,21834
Ptf1a,19213
Cphx3,100039280
Esrrg,26381
Lbx2,16815
Ubp1,22221
Myt1,17932
Zscan22,232878
Zfp931,353208
Egr3,13655
Zbtb16,235320
Rhox4c,434759
Zfp688,69234
Neurod6,11922
Stat5a,20850
Sox7,20680
Gm32802,-
Tbx2,21385
Tgif1,21815
Nr5a1,26423
Irx5,54352
Zfp219,69890
Vezf1,22344
Otp,18420
Zfp513,101023
Bhlhe22,59058
Mlxipl,58805
Klf6,23849
Zfp729b,100416706
Myt1l,17933
Zfp534,100503584
Adnp,11538
Zscan12,22758
Zfp987,626316
Myod1,17927
Zfp456,408065
Batf,53314
Zfp991,666532
Zfp410,52708
Tbx19,83993
Foxn3,71375
Neurog1,18014
Zfp819,74400
Hes2,15206
Zfp867,237775
Zfp655,72611
Gm28047,-
Cdip1,66626
Zfp467,68910
Zfp512b,269401
Hnf4g,30942
E2f6,50496
Sox21,223227
Neurod4,11923
Zfp786,330301
Mis18bp1,217653
Creb5,231991
Foxo6,329934
Zfp369,170936
Rbpjl,19668
Rhox10,434769
Zfp719,210105
Zfp825,235956
Nr1h5,381463
Gm4724,100043915
Nkx3-1,18095
Crxos,546024
Rhox12,382282
Zfp97,22759
Ascl1,17172
Gata4,14463
Zfp710,209225
Sp140,434484
Nr1d1,217166
Gata3,14462
Foxf1,15227
Rbak,57782
Klf16,118445
Mael,98558
Creb3l2,208647
Pax5,18507
Lcorl,100041576
Prdm13,230025
Tgif2,228839
Hoxd4,15436
Lhx9,16876
Zfp648,100503355
Zfp791,244556
Hmg20b,15353
Mier1,71148
Gm9805,-
Bcl6b,12029
Gli1,14632
Barx2,12023
Prdm5,70779
Zfp932,69504
Zfp641,239652
Gm14410,-
Hmgxb3,106894
Zfp760,240034
Ar,11835
Scx,20289
Arid2,77044
Smarca1,93761
Zfp263,74120
Atoh8,71093
Zfp52,22710
Ovol3,381867
Rhox8,434768
Zfp119b,240120
Npas2,18143
Etv4,18612
Zfp597,71063
Glis1,230587
Arnt2,11864
Tox4,268741
Zfp524,66056
Trerf1,-
Lhx3,16871
Irf6,54139
Zfp57,22715
Hoxd10,15430
Klf13,50794
Vdr,22337
Zfp653,319601
BC024063,666584
Zscan29,99334
Egr2,13654
Zfp553,233887
Id2,15902
Heyl,56198
Nr6a1,14536
Zscan25,666311
Pax3,18505
Mga,29808
Gm14399,665001
Lmx1b,16917
E2f4,104394
Gm14409,-
Pou1f1,18736
Stat4,20849
Zfp664,269704
Zfp282,101095
Zfp239,22685
Rax,19434
Zfp384,269800
Carhsp1,52502
Zfp992,433791
Gsc,14836
Nkx6-2,14912
Zfp316,54201
Gm9044,-
Tbx10,109575
Obox6,252830
Bach1,12013
Sry,21674
Pbx1,18514
Pou6f1,19009
Zfp180,210135
Prdm6,225518
Tfcp2l1,81879
Zfp955a,77652
Gatad2b,229542
Irx2,16372
Foxd3,15221
Zfp975,434179
Tead3,21678
Zfp493,72958
Rhox13,73614
Six2,20472
Alx4,11695
Zfp661,72180
AL590629.4,-
Zfp978,-
Zbtb10,229055
Ppard,69050
Zbtb34,241311
2610008E11Rik,72128
Gtf2i,14886
Lcor,212391
Lrrfip1,16978
AL590629.2,-
Ybx2,53422
Dlx5,13395
Egr1,13653
Cebpg,12611
Zbtb17,22642
Gm10324,628709
Zfp334,228876
Aff4,93736
Tcf7l2,21416
AC170751.2,-
Obox7,194588
Dmtf1,23857
Msc,17681
Tfap2e,332937
Dmrta2,242620
Zfp982,195531
Hopx,74318
Irf3,54131
Sp9,381373
Zfp9,22750
Zfp986,-
Zic3,22773
Gata5,14464
Atf3,11910
Zfp414,328801
Zfp606,67370
Zscan4f,665902
Zfp92,22754
Npas1,18142
Zfy2,22768
Zfp111,56707
Gm4969,243866
Rhox3h,434758
Relb,19698
Hhex,15242
Hmga2,15364
Nkx2-4,228731
Nr2f1,13865
Tfdp1,21781
Zfp131,72465
Bnc2,242509
Tulp4,68842
Nfkb2,18034
Zscan10,332221
Rxrg,20183
Sall1,58198
Mybl2,17865
Irx6,64379
Zfp622,52521
Dbx2,223843
A430033K04Rik,243308
Olig3,94222
Hoxa11,15396
Zfp69,381549
Sp8,320145
Zfp35,22694
Myrfl,237558
9130019O22Rik,78921
Pias2,17344
Stat5b,20851
Hoxc6,15425
AI987944,233168
Foxj3,230700
Zfp322a,218100
Gzf1,74533
Elf1,13709
Elf4,56501
Tbx21,57765
Rcor2,104383
Irx4,50916
Zfp276,57247
Gm20939,100044193
Zbtb41,226470
Zglp1,100009600
Gata2,14461
Ascl2,17173
Irx3,16373
Zfp942,73233
Dnajc1,13418
Rfx8,619289
Homez,239099
Tbx1,21380
Thap11,59016
Mycs,17870
Gm14325,329575
Irf4,16364
Tulp2,56734
Dmrt3,240590
Csde1,229663
Rfx5,53970
Zmat1,215693
Tlx3,27140
Zfp959,224893
Gm14408,-
Pou3f4,18994
Zfp65,235907
Zfp14,243906
Mynn,80732
Zbtb7b,22724
Id3,15903
Zfp763,73451
Hes1,15205
Hes5,15208
Zbtb4,75580
Hsf3,245525
Cdx1,12590
Tcf12,21406
Zscan4-ps2,-
Nr2f6,13864
Atf2,11909
Zscan21,22697
5730507C01Rik,236366
Gcm1,14531
Rhox9,104384
Foxp4,74123
Gm14295,100039123
Zfy1,22767
Zfp438,240186
Csrnp3,77771
B020011L13Rik,-
Nhlh1,18071
Batf2,74481
Zfp788,67607
Etv6,14011
Zbtb12,193736
Zfp691,195522
Helt,234219
Hmgb4,69317
Zfp780b,338354
Rfx1,19724
Hoxd4,-
Plagl1,22634
Zfp40,22700
Nkx1-1,672284
Zbtb11,271377
Zfp248,72720
Zfp619,70227
Hoxa9,15405
Rorc,19885
Pdx1,18609
Onecut2,225631
Zfp879,214779
Dmbx1,140477
Neurod1,18012
Wt1,22431
E2f7,52679
Zfhx3,11906
Isl1,16392
Bcl11a,14025
Foxd1,15229
Gm20422,-
Zfp810,235050
Pou5f1,18999
Zfp213,449521
Gbx1,231044
Zfp827,622675
Zfp74,72723
Zfp386,56220
Zbed6,667118
Zfp948,381066
Zzz3,108946
Tulp3,22158
Foxb2,14240
Mysm1,320713
Zfp3,193043
Hmga1b,111241
Zfp628,232816
Pitx2,18741
Zfp526,210172
Rhox2b,100039913
Elf5,13711
Runx1,12394
Zscan4-ps3,-
Gm14124,100216455
Hoxb8,15416
Zfp93,22755
Tbx5,21388
Zscan2,22691
Hivep3,16656
Zfp345,545471
Scrt2,545474
Osr1,23967
Zfp677,210503
Barhl2,104382
Nfatc3,18021
Zfp951,626391
Zscan20,269585
CAAA01180111,-
Patz1,56218
Zfp174,385674
Junb,16477
Stat2,20847
Ikzf3,22780
Pparg,19016
Sp2,78912
Nkx2-6,18092
Nkx3-2,12020
Meis1,17268
Zfp367,238673
Foxk2,68837
Zfp398,272347
Zfp937,245174
Xbp1,22433
Zfp770,228491
Sall4,99377
Zim1,22776
Zfp558,72230
Tbr1,21375
Otx2,18424
Tfap2a,21418
Fezf2,54713
Zfp324,243834
Hmx1,15371
Zfp512,269639
Zfp354a,21408
E4f1,13560
Hoxd12,15432
Neurog2,11924
Zxdc,80292
Snapc4,227644
Rel,19696
Terf2,21750
Zfp639,67778
Cbfb,12400
Vsx2,12677
Nfe2,18022
Dbp,13170
Zfp629,320683
Zbtb33,56805
Rfx7,319758
Mesp1,17292
Dnajc2,22791
Twist1,22160
Pou3f2,18992
Six1,20471
Zfp820,75424
Zkscan3,72739
Sox8,20681
Zfp12,231866
Neurog3,11925
Lhx4,16872
Ehf,13661
Zfp607a,545938
Zfp532,328977
Tbx4,21387
Gm32687,102635315
Zfp119a,104349
Tfcp2,21422
Klf8,245671
Arid1b,239985
Gatad1,67210
Dlx1,13390
Foxf2,14238
Etv5,104156
Pias1,56469
Zfp738,408068
Zfp568,243905
Tgif2lx2,100039551
Fosl1,14283
Hsf4,26386
Hoxa7,15404
Sohlh1,227631
Myb,17863
Hsfy2,71066
Zscan4c,245109
2610021A01Rik,668572
Rhox3f,621852
Klf17,75753
Gm6710,626832
Zfp981,100041433
Arid4a,238247
Hoxd9,15438
Zbtb6,241322
Rhox3a2,100861623
Rhox4d,664610
Zfp934,77117
Zhx1,22770
Zfp53,24132
Zfp715,69930
Hoxa2,15399
Plag1,56711
2700081O15Rik,108899
Zmat3,22401
Zfp965,100503949
Foxn4,116810
Zfp423,94187
Zfp300,245368
Gfi1,14581
BC025920,268319
Bhlha9,320522
Tfeb,21425
Zic1,22771
Obox1,71468
Zfp358,140482
Gm4981,-
Hsf5,327992
Hoxa3,15400
Pax2,18504
Jdp2,81703
Cebpb,12608
Rhox7b,-
Arid3c,550619
Rora,19883
Atf1,11908
Ttf1,22130
Rslcan18,432770
Zfp979,112422
Aire,11634
Nsd2,107823
Zfp954,232853
Zfp354c,30944
Gm29106,-
Irf7,54123
Gm19965,-
Zfp599,235048
Zfp735,76390
Thap3,69876
Hesx1,15209
Trp73,22062
Zfp446,269870
Zfp971,626848
Zfp930,234358
Snai1,20613
Vax1,22326
Msgn1,56184
Mecom,14013
Onecut1,15379
Mta1,116870
Sall3,20689
Zfp708,432769
Smad9,55994
Gm14391,665001
Myrf,225908
Paxbp1,67367
Hoxd3,15434
Cic,71722
9130023H24Rik,100043133
Tfap4,83383
Cebpa,12606
Nhlh2,18072
Gtf2ird2,114674
Rhox11,194738
Zfp422,67255
Dmrt2,226049
Zfp972,78703
Arntl2,272322
Nkx2-2,18088
Zkscan17,268417
Fosl2,14284
Bsx,244813
Ncoa1,17977
Zfp329,67230
Foxl1,14241
Aebp2,11569
Meis2,17536
Zfp637,232337
Gm2007,102639653
Zbtb42,382639
Hes7,84653
Bhlha15,17341
Nkx6-1,18096
Hoxc11,109663
Cdx2,12591
Foxd3,-
Zfp566,72556
Zfp341,228807
Rhox2a,75199
Nkx2-9,18094
Pax8,18510
Zfp617,170938
Zfp27,22689
Lin28a,83557
Zfp521,225207
Hmgxb4,70823
Dmrtb1,56296
Bhlhe40,20893
Klf4,16600
Zfp319,79233
Zfp668,244219
Sox11,20666
Zfp110,65020
Gm7145,-
Id4,15904
Gm4631,102633156
Zfp217,228913
Zkscan4,544922
Tshz2,228911
Hsf1,15499
Tef,21685
Pbrm1,66923
Smad2,17126
Tulp1,22157
Gm14326,665211
Phox2a,11859
Alx1,216285
Tead4,21679
Hnf4a,15378
Tsc22d3,14605
Tbx18,76365
Zfp777,72306
Foxh1,14106
Hoxc5,15424
Fiz1,23877
Mnx1,15285
Zfp994,240038
Hoxd11,15431
Pou6f2,218030
Zfp560,434377
Gm12845,-
Smarcc2,68094
Zhx3,320799
Grhl3,230824
Gata6,14465
Rhox3c,100135654
Pias3,229615
Nfia,18027
Lhx1,16869
Obox5,252829
Msx1,17701
Nr2e1,21907
Zfp626,71163
Zeb1,21417
Hmgb2,97165
Gm14305,100043387
Rbpj,19664
Zbtb8b,215627
Uncx,22255
Zfp420,233058
Thra,21833
Foxs1,14239
Zfp87,170763
Foxn2,14236
Zbtb40,230848
Platr25,108167344
Zfp853,330230
Zbtb49,75079
Zbtb21,114565
Rela,19697
Zfpm2,22762
Smarcc1,20588
4932411N23Rik,237029
Gm9046,-
Tshz3,243931
Yy1,22632
Tead2,21677
Gm4924,237412
Zfp784,654801
Lhx2,16870
Sox3,20675
D3Ertd254e,241944
2010315B03Rik,630836
Hlf,217082
Zfp184,193452
Isl2,104360
Hoxd13,15433
Hoxc13,15422
Zbtb1,268564
Zfp764,233893
Hoxb3,15410
Gm14444,-
Hand1,15110
Noto,384452
Nr1h4,20186
Zfp277,246196
Zfp335,329559
Mef2d,17261
Zfp811,240063
Zfp595,218314
Gm10778,100233208
Tox2,269389
Rfx2,19725
Zfp36l1,12192
Six4,20474
Zfp449,78619
Gm17067,101056115
Zfp873,408062
Meox2,17286
Hoxb13,15408
Zfp955b,100043468
Zfp799,240064
Runx2,12393
St18,240690
Srebf2,20788
Zic4,22774
Zfp865,319748
E430018J23Rik,101604
Duxbl3,100039293
Mkx,210719
Hivep1,110521
Mta3,116871
L3mbtl1,241764
Rlf,109263
AL593853.1,-
Rhox6,19202
Zfp874b,408067
Tsc22d1,21807
Nfyc,18046
Gli2,14633
Rhox1,385343
Hic2,58180
Npas4,225872
Hivep2,15273
Zfp933,242747
Zfp773,76373
Pbx4,80720
Sp4,20688
Bnc1,12173
Gm2381,100039706
Zfp85,22746
Scrt1,170729
Rhox4f,636177
Csdc2,105859
Pou2f2,18987
Figla,26910
Pax9,18511
Emx1,13796
Myog,17928
Mier2,70427
Lin28b,380669
Zeb2,24136
Rhox7a,-
Zfp366,238803
Batf3,381319
Zbtb32,58206
Gm11009,-
Esrrb,26380
Zfp952,240067
Kmt2c,231051
Zfp583,213011
Zfp711,245595
Zfp574,232976
Zfp11,22648
Zfp729a,212281
Nr4a1,15370
Zfp317,244713
Zfp229,381067
Zfp563,240068
Zfp458,238690
Zfp143,20841
Zfp518b,100515
Nfic,18029
Tub,22141
Mxd4,17122
Zxdb,668166
Pbx2,18515
Zfp935,71508
Zmiz1,328365
Wdhd1,218973
Rhox2f,434764
Hoxc10,209448
Gli3,14634
Zfp212,232784
Irf8,15900
Zbtb7a,16969
Gtf2ird1,57080
Gm6871,102642386
Prrx1,18933
Tcf25,66855
Tax1bp1,52440
Khsrp,16549
Zfp318,57908
Zfp207,22680
Plek,56193
Yeats4,64050
Nme2,18103
Hif1a,15251
Maf1,68877
Son,20658
Cebpz,12607
Epas1,13819
Setbp1,240427
Zfp511,69752
Cpeb1,12877
Carf,241066
Ahctf1,226747
Blzf1,66352
Mllt10,17354
Myef2,17876
Gabpb1,14391
Rbck1,24105
Zgpat,229007
Xpa,22590
Casz1,69743
Cenpa,12615
Zfp326,54367
Cnbp,12785
Tmf1,232286
Dmrtc1a,70887
Plscr1,22038
Ltf,17002
Crebl2,232430
Gpbp1,73274
Gpbp1l1,77110
Zfp395,380912
Fam170a,225497
Thyn1,77862
Rfxank,19727
Cenpt,320394
Cc2d1a,212139
Zfp280c,208968
Tfb1m,224481
Capn15,50817
Bclaf1,72567
Parp12,243771
Zfp280d,235469
Gabpb2,213054
Phb,18673
Zfp503,218820
L3mbtl3,237339
Akna,100182
Ciz1,68379
Zfp750,319530
Smarcal1,54380
Znfx1,98999
Zfp609,214812
Tet2,214133
Nfrkb,235134
Elmsan1,238317
Pura,19290
Nkrf,77286
Zfp488,382867
Preb,50907
Spz1,79401
Crebrf,77128
Purg,75029
Zfp280b,64453
Tcf19,106795
Zfp608,269023
Adnp2,240442
Gon4l,76022
Phtf1,18685
Rag1,19373
Zfp706,68036
D630045J12Rik,330286
Lyar,17089
Cenps,69928
Purb,19291
Scmh1,29871
Trim25,217069
Raf1,110157
Wdr77,70465
Hnrnpd,11991
C1d,57316
Loxl3,16950
Btn1a1,12231
Kat2b,18519
Chmp1a,234852
Smarcb1,20587
Top1mt,72960
Ilf2,67781
Chtop,66511
Lgals9,16859
Uxt,22294
Slc26a3,13487
Pfdn5,56612
Snd1,56463
Slc19a1,20509
Nrip2,60345
Gtf2h4,14885
Ell2,192657
Jup,16480
Kmt2a,214162
Supt6,20926
Ccne1,12447
Daxx,13163
Dyrk1b,13549
Hltf,20585
Prpf6,68879
Puf60,67959
Tgfb1,21803
Gtf2f1,98053
Med6,69792
Baz1b,22385
Flii,14248
Nab1,17936
Med25,75613
Cdkn1b,12576
Cdk12,69131
Cnot11,52846
Dvl3,13544
Hck,15162
Pih1d1,68845
Supt5,20924
Paf1,54624
Med29,67224
Crtc1,382056
Taf6l,225895
Brd8,78656
Calr,12317
Ruvbl2,20174
Ssbp2,66970
Cavin1,19285
Dnaja3,83945
Dnmt1,13433
Ikbkg,16151
Wwox,80707
Hdac9,79221
Dgkq,110524
Hdgf,15191
Hmox1,15368
Asf1b,66929
Dnajb1,81489
Insr,16337
Trim28,21849
Ctr9,22083
Snx6,72183
Ncoa2,17978
Tpr,108989
Kmt2b,75410
Cbfa2t3,12398
Med8,80509
Rbm14,56275
Sfmbt1,54650
Runx1t1,12395
Gtf2h1,14884
Gmnn,57441
Ezh1,14055
Ctnnb1,12387
Rhoa,11848
Tle1,21885
Hipk1,15257
Hdac5,15184
Ewsr1,14030
Cdk9,107951
Mkl2,239719
Cbx5,12419
Taf7l,74469
Dmap1,66233
Wnt3a,22416
Hyal2,15587
Nedd8,18002
Eya4,14051
Brf1,72308
Snapc2,102209
Ccnt1,12455
Brms1l,52592
Med15,94112
Nelfb,58202
Pten,19211
Ehmt2,110147
Med16,216154
Rnf168,70238
Tsg101,22088
Tbp,21374
Edf1,59022
Actn1,109711
Sirt2,64383
Notch4,18132
Hspa8,15481
Anp32e,66471
Med22,20933
Med28,66999
Sqstm1,18412
Actr8,56249
Tenm1,23963
Nelfcd,57314
Phf21b,271305
Brca1,12189
Med24,23989
Nlk,18099
Suz12,52615
Birc5,11799
Crk,12928
Eya2,14049
Med13l,76199
Med1,19014
Ywhab,54401
Smurf2,66313
Nol11,68979
C1qbp,12261
Chd3,216848
Kdm6b,216850
Pcgf2,22658
Trim37,68729
Cdk5rap3,80280
Aatf,56321
Wwc1,211652
Arrb1,109689
Pelp1,75273
Med11,66172
Ddx39b,53817
Hdac2,15182
Frk,14302
Asf1a,100042554
Ccdc59,52713
Cdk1,12534
Actr6,67019
Psen1,19164
Sgk1,20393
Cep290,216274
Med23,70208
Cry1,12952
Sirt1,93759
Ccar1,67500
H2afy2,404634
Pcbd1,13180
Egfr,13649
Elane,50701
Peli1,67245
Cnot2,72068
Mdm2,17246
Prmt2,15468
Hcfc2,67933
Sumo3,20610
Hint1,15254
Fbxw11,103583
Cnot6,104625
Med7,66213
Tnip1,57783
Ascc2,75452
Pttg1,30939
Trim11,94091
Aebp1,11568
Supt4a,20922
Cnot8,69125
Sap30l,50724
Myocd,214384
Lpin1,14245
Taf15,70439
Ern1,78943
Ddx5,13207
Recql5,170472
Sap30bp,57230
Med31,67279
Dvl2,13543
Aurkb,20877
Kat2a,14534
Strn3,94186
Gtf2a1,83602
Nfkbia,18035
Ralgapa1,56784
Snw1,66354
Sav1,64010
Mnat1,17420
Zmynd11,66505
Trip11,109181
Dpf3,70127
Ccnk,12454
Sfrp4,20379
Trim27,19720
Mak,17152
Dek,110052
Syk,20963
Habp4,56541
Nsd1,18193
Pcbd2,72562
Hnrnpk,15387
Ccnh,66671
Trip13,69716
Med10,28077
Gtf2h2,23894
Btf3,218490
Ankra2,68558
Jmy,57748
Erbin,59079
Kat6b,54169
Ecd,70601
Eaf1,74427
Pspc1,66645
Zmym2,76007
Sap18,20220
Rgcc,66214
Tdrd3,219249
Elp3,74195
Clu,12759
Hr,15460
Rb1,19645
Med4,67381
Nipbl,71175
Dab2,13132
Ajuba,16475
Ripk3,56532
Ctnnd2,18163
Skor1,207667
Mtdh,67154
Rad21,19357
Stk3,56274
Eny2,223527
Brd1,223770
L3mbtl2,214669
Rbx1,56438
Tab1,66513
Efcab6,77627
Wbp2nl,74716
Xrcc6,14375
Hdac7,56233
Ciita,12265
Crebbp,12914
Yaf2,67057
Rrn3,106298
Hira,15260
Gsk3b,56637
Gtf2e1,74197
Hcls1,15163
Eaf2,106389
Parp9,80285
Brwd1,93871
Chaf1b,110749
Smarcd1,83797
Calcoco1,67488
Fhl1,14199
Prmt5,27374
Gps2,56310
Trip6,22051
Chd1,67045
Phf10,72057
Vegfa,22339
Taf8,63856
Brd4,57261
Pim1,18712
Lpin2,64898
Lbh,77889
Dpy30,66310
Lrpprc,72416
Gtf2a1l,71828
Axin1,12005
Phf1,21652
Kdm4b,193796
Mllt1,64144
Taf11,68776
Epc1,13831
Sap130,269003
Elp2,58523
Wac,225131
Ring1,19763
Brd2,14312
Nelfe,27632
Ercc3,13872
Hdac3,15183
Tcerg1,56070
Cidea,12683
Srfbp1,67222
Cxxc1,74322
Camk2a,12322
Tle4,21888
Lpxn,107321
Jak2,16452
Ankrd1,107765
Pcgf5,76073
Dpf2,19708
Drap1,66556
Smarca2,67155
Kat5,81601
Prdx5,54683
Lgals12,56072
Pdcd4,18569
Hells,15201
Trim8,93679
Taf5,226182
Pcgf6,71041
Sfr1,67788
Alyref,21681
Sirt7,209011
Maged1,94275
Mms19,72199
Ankrd2,56642
Chuk,12675
Btrc,12234
Ldb1,16825
Sufu,24069
Limd1,29806
Tbl1x,21372
Banp,53325
Padi4,18602
Kdm5c,20591
Cdk2,12566
Pa2g4,18813
Nab2,17937
Sirt3,64384
Pidd1,57913
Cbx2,12416
Cbx8,30951
Rptor,74370
Jade1,269424
Taf3,209361
Nudt5,53893
Xiap,11798
Cops5,26754
Eya1,14048
Trak2,70827
Nif3l1,65102
Orc2,18393
Rnf25,57751
Cnot9,58184
Ctdsp1,227292
Tnp1,21958
Ncl,17975
Hdac4,208727
Ccnt2,72949
Cdc73,214498
Rbbp5,213464
Rnf2,19821
Tfb2m,15278
Mnda,381308
Tada1,27878
Dcaf6,74106
Smyd2,226830
Cenpf,108000
Suv39h2,64707
Bmi1,12151
Fam129b,227737
Med27,68975
Eng,13805
Abl1,11350
Phf19,74016
Wdr5,140858
Brd3,67382
Notch1,18128
Nmi,64685
Hat1,107435
Med19,381379
Traf6,22034
Elp4,77766
Hipk3,15259
Cops2,12848
Ell3,269344
Rtf1,76246
Lpin3,64899
Polr3f,70408
Xrn2,24128
Dnmt3b,13436
Mrgbp,73247
Helz2,229003
Raly,19383
Itch,16396
Rbm39,170791
Tbl1xr1,81004
Rbl1,19650
Src,20779
Rprd1b,70470
Skil,20482
Actl6a,56456
Ncoa3,17979
Ccna2,12428
Supt20,56790
Dhx36,72162
Ccna1,12427
Wwtr1,97064
Ppid,67738
Notch2,18129
Ddx20,53975
Crtc2,74343
Plrg1,53317
Ash1l,192195
Pmf1,67037
Fbxw7,50754
Chd1l,68058
Polr3c,74414
Rwdd3,66568
Depdc1a,76131
Cth,107869
Bcl10,12042
Tgs1,116940
Sdr16c5,242285
Ccnc,51813
Fhl5,57756
Gtf2b,229906
Casp8ap2,26885
Rnf20,109331
Anp32b,67628
Txn1,22166
Kdm4c,76804
Ikbkap,230233
Psip1,101739
Mllt3,70122
Pramef12,77632
Ppie,56031
Pnrc2,52830
Plk3,12795
Pink1,68943
Hdac1,433759
Zfp593,68040
Meaf6,70088
Eya3,14050
Taf12,66464
Padi2,18600
Smarcd3,66993
Park7,57320
Cdk5,12568
Pex14,56273
Ctnnbip1,67087
Mtor,56717
Mad2l2,71890
Kmt2e,69188
Ssu72,68991
Ski,20481
Rnf4,19822
Nelfa,24116
Ppargc1a,19017
Slc30a9,109108
Dr1,13486
Mtf2,17765
Brdt,114642
Tesc,57816
Gtf2h3,209357
Ran,19384
Sfswap,231769
Kdm2b,30841
Ep400,75560
Chek2,50883
Actb,11461
Ddx54,71990
Rita1,100764
Dtx1,14357
Rnf6,74132
Cdk8,264064
Ing3,71777
Auts2,319974
Ezh2,14056
Actl6b,83766
Trim24,21848
Cbx3,12417
Mtpn,14489
Smarcad1,13990
Anxa4,11746
Zfp638,18139
Ino80b,70020
Ruvbl1,56505
Kdm5a,214899
Atf7ip,54343
Strap,20901
Med21,108098
Vgll4,232334
Ing4,28019
Prmt8,381813
Ercc2,13871
Uri1,19777
Csrp3,13009
Blm,12144
Dpf1,29861
Nfkbib,18036
Eed,13626
Ino80e,233875
Sgf29,75565
Nfatc2ip,18020
Kdm8,77035
Tgfb1i1,21804
Rnf141,67150
Pycard,66824
Fus,233908
Kat8,67773
Fgfr2,14183
Plk1,18817
Ilk,16202
Crym,12971
Ctbp2,13017
Cask,12361
Tnni2,21953
Vgll1,170828
Rbmx,19655
Pqbp1,54633
Hdac6,15185
Atrx,22589
Btk,12229
Nono,53610
Taf1,270627
Flna,192176
Rbbp7,245688
Msl3,17692
Pir,69656
Hcfc1,15161
Tceal6,66104
Morf4l2,56397
Coprs,66423
Slc25a15,18408
Brf2,66653
Tnks,21951
Ikbkb,16150
Kat6a,244349
Fgfr1,14182
Ash2l,23808
Rbpms,19663
Cnot7,18983
Sap30,60406
Sin3b,20467
Cenpu,71876
Brd7,26992
Rbl2,19651
Setd6,66083
Smarca5,93762
Cdyl2,75796
Arl2bp,107566
Taf1c,21341
Hsbp1,68196
Tradd,71609
Wwp2,66894
Med17,234959
Taf1d,75316
Egln1,112405
Trim29,72169
Tirap,117149
Pou2af1,18985
Cd3d,12500
Chek1,12649
Pin1,23988
Carm1,59035
Smarca4,20586
Sltm,66660
Rnf111,93836
Ice2,93697
Anp32a,11737
Phip,83946
Tle3,21887
Trip4,56404
Snapc5,330959
Nck1,17973
Trib1,211770
Ss18l2,26901
Trak1,67095
Fhl3,14201
Malt1,240354
Nlrp3,216799
Lmo2,16909
Kank1,107351
Trib3,228775
Mdfi,17240
Mycbp2,105689
Trim33,94093
Npat,244879
Senp1,223870
Ttf2,74044
Stk36,269209
Ctdp1,67655
Kdm4a,230674
Terf2ip,57321
Arhgef5,54324
Gtf2a2,235459
Rbfox2,93686
Myo6,17920
Pcgf3,69587
Ccar2,219158
Rpap2,231571
Tcea1,21399
Ppargc1b,170826
Vhl,22346
Ctnnd1,12388
Srsf2,20382
Ino80,68142
Ogt,108155
Irf2bpl,238330
Loxl2,94352
Hdac11,232232
Thoc5,107829
Med13,327987
Brip1,237911
Wbp2,22378
Cbl,12402
Gtf2h5,66467
Parp14,547253
Ice1,218333
Tdg,21665
Cnot6l,231464
Sirt6,50721
Tle2,21886
Grip1,74053
Dapk3,13144
Baz1a,217578
Arhgap5,11855
Scai,320271
Lin54,231506
Nfkbiz,80859
Emsy,233545
Tab3,66724
Rsf1,233532
Cnot3,232791
Grhpr,76238
Thrsp,21835
Supt16,114741
Pawr,114774
Tdp2,56196
Apex1,11792
Lmo1,109594
Pphln1,223828
Ndufa13,67184
Kctd1,106931
Lrrk2,66725
Lzts1,211134
Abt1,30946
Siah2,20439
Hif1an,319594
Wtip,101543
Btg1,12226
Cnot1,234594
Fgf1,14164
Rfxap,170767
Ago2,239528
Zcchc12,72693
Topors,106021
Wnt4,22417
Ehmt1,77683
Nfkbid,243910
Kdm1a,99982
Taf6,21343
Pml,18854
Ss18,268996
Apbb1,11785
Setd7,73251
Ddx1,104721
Taf2,319944
Kdm6a,22289
Ctbp1,13016
Mcrs1,51812
Tob1,22057
Wdtc1,230796
Actr5,109275
Phf12,268448
Aim2,383619
H2afz,51788
Phf2,18676
Kdm1b,218214
Phf20,228829
Camk4,12326
Notch3,18131
Bend3,331623
Bcl9,77578
Txlng,353170
Txnip,56338
Mllt6,246198
Cbfa2t2,12396
Med30,69790
Mbd3l1,73503
Taf5l,102162
Bud31,231889
Alpk3,116904
Kdm3b,277250
Ascc3,77987
Smurf1,75788
Supt3,109115
Ss18l1,269397
Taf4,228980
Suv39h1,20937
Ankar,319695
Picalm,233489
Dusp26,66959
Zmynd8,228880
Ncoa7,211329
Ldb2,16826
Bahcc1,268515
Htatip2,53415
Dnttip2,99480
Cited2,17684
Cbx4,12418
Edrf1,214764
Timeless,21853
Zmym5,219105
Pnrc1,108767
Dcaf1,321006
Ufl1,67490
Bcor,71458
Pex2,19302
Rprd1a,225283
Arglu1,234023
Mybbp1a,18432
Bptf,207165
Btaf1,107182
Dhx33,216877
Fam208a,218850
Creg1,433375
Spen,56381
Ino80d,227195
Wwp1,107568
Tspyl2,52808
Brca2,12190
Yeats2,208146
Phf8,320595
Chd7,320790
Rbbp8,225182
Cdk13,69562
Pik3r1,18708
Utp4,21771
Ago1,236511
Rnf10,50849
Cir1,66935
Tcf20,21411
Bend6,320705
Zfp451,98403
Kdm5b,75605
Mkl1,223701
Setd1a,233904
Gnl3,30877
Fam83g,69640
Leo1,235497
Asxl1,228790
Sin3a,20466
Kdm7a,338523
Pbxip1,229534
Safb2,224902
Dhx9,13211
Bex2,12069
Fgf11,14166
Abra,223513
Hexim2,71059
Taf10,24075
Trp53bp1,27223
Thrap3,230753
Ascc1,69090
Dact1,59036
Setd2,235626
Kmt5b,225888
Med26,70625
Trrap,100683
Esf1,66580
Pid1,98496
Adrb2,11555
Basp1,70350
Eid2,386655
Scand1,19018
Cxxc5,67393
Csnk2a2,13000
Taf9b,407786
Mbd3l2,234988
Utf1,22286
Trim16,94092
Pygo2,68911
Npm2,328440
Ino80c,225280
Taf13,99730
Rbm15,229700
Nrip1,268903
Tob2,57259
Hexim1,192231
Cdk5r1,12569
Tada3,101206
Prmt6,99890
Kmt5a,67956
Tenm2,23964
Tceal1,237052
Vgll2,215031
Bdp1,544971
Sertad2,58172
Rasd1,19416
Rap2c,72065
Snip1,76793
Heatr1,217995
Dscam,13508
Maml1,103806
Cited1,12705
Taf7,24074
Commd1,17846
Trim32,69807
Taf9,108143
Actn2,11472
Ezr,22350
Rexo4,227656
Hist1h1d,14957
BC004004,80748
Yap1,22601
Supt7l,72195
Bcl3,12051
Cbx7,52609
Kdm3a,104263
Chd8,67772
Chchd3,66075
Camk2d,108058
Srcap,100043597
Kdm4d,244694
Sirt5,68346
Tceal5,331532
Eapp,66266
Taf4b,72504
Mdm4,17248
Pabpc1l,381404
Cggbp1,106143
Kdm2a,225876
Set,56086
Actn4,60595
Nsd3,234135
Ep300,328572
Smyd1,12180
Pdlim1,54132
Ddx17,67040
Smyd3,69726
Sertad3,170742
Pprc1,226169
Per2,18627
Nod2,257632
S100a8,20201
S100a9,20202
Cnot10,78893
Npm3,18150
Ncoa4,27057
Lrif1,321000
Med12l,329650
Rlim,19820
Chd9,109151
Setd3,52690
Jmjd6,107817
Skap1,78473
Npm1,18148
Chd6,71389
Rbbp4,19646
Birc2,11797
Elobl,217066
Lmcd1,30937
Arhgap35,232906
Phf21a,192285
Dppa4,73693
Egln2,112406
Lin9,72568
Eno1b,433182
Cdyl,12593
Tonsl,72749
Bcas3,192197
Mbtd1,103537
Tcea2,21400
Taf1b,21340
Kmt5c,232811
Tnip2,231130
Atxn7l3,217218
Prmt7,214572
Arrb2,216869
Hnrnpc,15381
Rnf14,56736
Dcc,13176
Maml3,433586
Sfmbt2,353282
Naca,17938
Phf5a,68479
Hipk2,15258
Wdr61,66317
Dot1l,208266
Med9,192191
Tbpl2,227606
Ccdc62,208908
Ssbp3,72475
Rai1,19377
Lancl2,71835
Erbb4,13869
Morf4l1,21761
Erbb2,13866
Hdac10,170787
Nrg1,211323
Parp10,671535
Naa15,74838
Bcl9l,80288
Nup98,269966
Magea6,17142
Chd4,107932
Med14,26896
Siva1,30954
Aurkaip1,66077
Med18,67219
Spag8,433700
Suds3,71954
Hdac8,70315
Htatsf1,72459
Cenpb,12616
Chrac1,93696
Cdk7,12572
Epc2,227867
Pcgf1,69837
Fbp1,14121
Ell,13716
Ccnd1,12443
Chchd2,14004
Top1,21969
Cited4,56222
Safb,224903
Cecr2,330409
Tbpl1,237336
Trim6,94088
Taf1a,21339
Dppa2,73703
Rybp,56353
Ripply1,622473
Rbm15b,109095
Mcidas,622408
Pak6,214230
Smarcd2,83796
Hsbp1l1,66255
Prnp,19122
Kcnip3,56461
Mphosph8,75339
Trappc2,66226
Med12,59024
Eloc,67923
Gm14459,546263
Brms1,107392
Zfp703,353310
Cbx6,494448
Rnf8,58230
Tarbp1,212728
Tcerg1l,70571
Vgll3,73569
Eid1,58521
Skor2,664805
Hspa1a,193740
Med20,56771
Ccdc85b,240514
Noc2l,57741
Nlrp12,-
Aip,-
Gm10031,-
Men1,-
AC127556,-
Gm42742,67278
Gm45234,-
Prmt1,15469
Samd4b,233033
Nup62,18226
Eid3,66341
Hnrnpu,-
Pik3r2,-
BX005053.1,-
AC155712.2,-
Atad2,-
AC156272.1,-
