0610031J06Rik,56700
1110008J03Rik,100764
1700108N11Rik,74301,107586
2010315B03Rik,630836
2210018M11Rik,233545
2210404O09Rik,70081
2310045N01Rik,105980076,72368
2410141K09Rik,76803
2610008E11Rik,72128
2610021A01Rik,668572
2610044O15Rik8,72139
2610305D13Rik,112422
2700050L05Rik,214764
2700081O15Rik,108899
2810021J22Rik,69944
4930522L14Rik,100041734
5430403G16Rik,77200
5730507C01Rik,236366
5830428H23Rik,414758
9130019O22Rik,78921
9130023H24Rik,100043133
9830147E19Rik,208111
A430033K04Rik,243308
Aatf,56321
Abl1,11350
Abra,223513
Abt1,30946
AC168977.1
Actl6a,56456
Actl6b,83766
Actn1,109711
Actn2,11472
Actn4,60595
Actr5,109275
Actr6,67019
Actr8,56249
Adnp,11538
Adnp2,240442
Adrb2,11555
Aebp1,11568
Aebp2,11569
Aff1,17355
Aff2,14266
Aff3,16764
Aff4,93736
Ago1,236511
Ago2,239528
Ahctf1,226747
Ahr,11622
Ahrr,11624
AI854703,243373
AI987944,233168
Aim2,383619
Aip,11632
Aire,11634
Ajuba,16475
Akna,100182
Alpk3,116904
Alx1,216285
Alx3,11694
Alx4,11695
Alyref,21681
Ankar,319695
Ankra2,68558
Ankrd1,107765
Ankrd2,56642
Anxa4,11746
Apbb1,11785
Apex1,11792
Ar,11835
Arglu1,234023
Arhgap35,232906
Arhgap5,11855
Arhgef5,54324
Arid1a,93760
Arid1b,239985
Arid2,77044
Arid3a,13496
Arid3b,56380
Arid3c,550619
Arid4a,238247
Arid4b,94246
Arid5a,214855
Arid5b,71371
Arl2bp,107566
Arnt,11863
Arnt2,11864
Arntl,11865
Arntl2,272322
Arrb1,109689
Arrb2,216869
Arx,11878
Ascc1,69090
Ascc2,75452
Ascc3,77987
Ascl1,17172
Ascl2,17173
Asf1b,66929
Ash1l,192195
Asxl1,228790
Atad2,70472
Atf1,11908
Atf2,11909
Atf3,11910
Atf5,107503
Atf6,226641
Atf6b,12915
Atf7,223922
Atf7ip,54343
Atn1,13498
Atoh1,11921
Atoh8,71093
Atrx,22589
Atxn7l3,217218
AU041133,216177
Aurkb,20877
Auts2,319974
AW146154,101835
Axin1,12005
Bach1,12013
Bach2,12014
Bahcc1,268515
Banp,53325
Barhl1,54422
Barhl2,104382
Barx1,12022
Barx2,12023
Basp1,70350
Batf,53314
Batf2,74481
Batf3,381319
Baz1a,217578
Baz1b,22385
Baz2a,116848
Baz2b,407823
Bbx,70508
BC004004,80748
BC018507,218333
BC025920,268319
Bcas3,192197
Bcl10,12042
Bcl11a,14025
Bcl11b,58208
Bcl3,12051
Bcl6,12053
Bcl6b,12029
Bcl9,77578
Bcl9l,80288
Bcor,71458
Bdp1,544971
Bend3,331623
Bend6,320705
Bex2,12069
Bhlha15,17341
Bhlhe22,59058
Bhlhe23,140489
Bhlhe40,20893
Bhlhe41,79362
Birc2,11797
Birc5,11799
Blm,12144
Blzf1,66352
Bmi1,12151
Bnc1,12173
Bnc2,242509
Brca1,12189
Brca2,12190
Brd1,223770
Brd4,57261
Brd7,26992
Brd8,78656
Brdt,114642
Brf1,72308
Brf2,66653
Brip1,237911
Brms1,107392
Brms1l,52592
Brwd1,93871
Btaf1,107182
Btg1,12226
Btk,12229
Btn1a1,12231
Btrc,12234
C030039L03Rik,112415
C1d,57316
Calcoco1,67488
Camk2a,12322
Camk2d,108058
Camk4,12326
Camta1,100072
Camta2,216874
Capn15,50817
Carf,241066
Carm1,59035
Cask,12361
Casp8ap2,26885
Casz1,69743
Cbfa2t2,12396
Cbfa2t3,12398
Cbfb,12400
Cbl,12402
Cbx2,12416
Cbx3,12417
Cbx4,12418
Cbx6,494448
Cbx7,52609
Cbx8,30951
Cc2d1a,212139
Ccar2,219158
Ccdc62,208908
Ccdc85b,240514
Ccna1,12427
Ccna2,12428
Ccnc,51813
Ccnd1,12443
Ccne1,12447
Ccnh,66671
Ccnk,12454
Ccnt1,12455
Ccnt2,72949
Cd3d,12500
Cdc73,214498
Cdk1,12534
Cdk12,69131
Cdk13,69562
Cdk2,12566
Cdk5,12568
Cdk5r1,12569
Cdk5rap3,80280
Cdk7,12572
Cdk8,264064
Cdk9,107951
Cdkn1b,12576
Cdx1,12590
Cdx2,12591
Cdyl,12593
Cdyl2,75796
Cebpa,12606
Cebpb,12608
Cebpd,12609
Cebpe,110794
Cebpg,12611
Cebpz,12607
Cecr2,330409
Cenpa,12615
Cenpb,12616
Cenpf,108000
Cenpt,320394
Cenpu,71876
Cep290,216274
Chaf1b,110749
Chd1,12648
Chd1l,68058
Chd3,216848
Chd4,107932
Chd6,71389
Chd7,320790
Chd8,67772
Chd9,109151
Chek1,12649
Chek2,50883
Chuk,12675
Cic,71722
Cidea,12683
Ciita,12265
Cited1,12705
Cited4,56222
Ciz1,68379
Clock,12753
Clu,12759
Cnot1,234594
Cnot11,52846
Cnot3,232791
Cnot6,104625
Cnot6l,231464
Cnot7,18983
Cnot9,58184
Coprs,66423
Cops2,12848
Cpeb1,12877
Creb1,12912
Creb3l1,26427
Creb3l2,208647
Creb3l3,208677
Creb3l4,78284
Creb5,231991
Crebbp,12914
Crebl2,232430
Crebrf,77128
Crebzf,233490
Crem,12916
Crtc1,382056
Crtc2,74343
Crx,12951
Crxos,546024
Cry1,12952
Crym,12971
Csdc2,105859
Csrnp1,215418
Csrnp2,207785
Csrnp3,77771
Csrp3,13009
Ctbp2,13017
Ctcf,13018
Ctdp1,67655
Ctdsp1,227292
Cth,107869
Ctnnbip1,67087
Ctnnd1,12388
Ctnnd2,18163
Ctr9,22083
Cux1,13047
Cux2,13048
Cxxc1,74322
Cxxc5,67393
Cyp2a4,13086,13170
Cyp2a5,13087,110673975,13170
D130040H23Rik,211135
D130058E05Rik,14472
D3Ertd254e,241944
D630045J12Rik,330286
D830050J10Rik,352968,110157
Dab2,13132
Dach1,13134
Dach2,93837
Dact1,59036
Dapk3,13144
Daxx,13163
Dbp,13170
Dbx1,13172
Dbx2,223843
Dcaf6,74106
Ddit3,13198
Ddx17,67040
Ddx20,53975
Ddx54,71990
Deaf1,54006
Deb1,26901
Depdc1a,76131
Dgkq,110524
Dhx33,216877
Dhx36,72162
Dhx9,13211
Dlx1,13390
Dlx2,13392
Dlx3,13393
Dlx4,13394
Dlx5,13395
Dlx6,13396
Dmbx1,140477
Dmrt1,50796
Dmrt2,226049
Dmrt3,240590
Dmrta1,242523
Dmrta2,242620
Dmrtb1,56296
Dmrtc1a,70887
Dmrtc2,71241
Dmtf1,23857
Dnaja3,83945
Dnajc1,13418
Dnmt1,13433
Dnmt3b,13436
Dot1l,208266
Dpf1,29861
Dpf2,19708
Dpf3,70127
Dppa2,73703
Dppa4,73693
Dr1,13486
Dscam,13508
Dtx1,14357
Dusp26,66959
Dvl2,13543
Dvl3,13544
Dyrk1b,13549
E2f1,13555
E2f2,242705
E2f3,13557
E2f5,13559
E2f6,50496
E2f7,52679
E2f8,108961
E430018J23Rik,101604
E4f1,13560
Eaf1,74427
Eaf2,106389
Ebf1,13591
Ebf2,13592
Ebf3,13593
Ebf4,228598
Ecd,70601
Edrf1,214764
Efcab6,77627
Egfr,13649
Egln1,112405
Egr1,13653
Egr2,13654
Egr3,13655
Egr4,13656
Ehf,13661
Ehmt1,77683
Ehmt2,110147
Eid2,386655
Eid3,66341
Elane,50701
Elf1,13709
Elf2,69257
Elf3,13710
Elf4,56501
Elf5,13711
Elk1,13712
Elk3,13713
Elk4,13714
Ell,13716
Ell2,192657
Ell3,269344
Elmsan1,238317
Eloc,67923
Elp3,74195
Elp4,77766
Emsy,233545
Emx1,13796
Emx2,13797
En1,13798
En2,13799
Eng,13805
Eno1b,433182
Eomes,13813
Ep300,328572
Ep400,75560
Epas1,13819
Epc1,13831
Epc2,227867
Erbb2,13866
Erbb4,13869
Erbin,59079
Ercc2,13871
Ercc3,13872
Erf,13875
Erg,13876
Ern1,78943
Esr1,13982
Esr2,13983
Esrra,26379
Esrrb,26380
Esrrg,26381
Esx1,13984
Etohi1,626848
Ets1,23871
Ets2,23872
Etv1,14009
Etv2,14008
Etv3,27049
Etv4,18612
Etv5,104156
Etv6,14011
Eya1,14048
Eya2,14049
Eya3,14050
Eya4,14051
Ezh1,14055
Ezh2,14056
Fam129b,227737
Fam170a,225497
Fam208a,218850
Fam83g,69640
Fbp1,14121
Fbxw11,103583
Fbxw7,50754
Fev,260298
Fezf1,73191
Fezf2,54713
Fgf1,14164
Fgf11,14166
Fgfr1,14182
Fgfr2,14183
Fhl1,14199
Fhl3,14201
Fhl5,57756
Figla,26910
Fli1,14247
Flii,14248
Flna,192176
Fosb,14282
Fosl1,14283
Fosl2,14284
Foxa1,15375
Foxa2,15376
Foxa3,15377
Foxb1,64290
Foxc1,17300
Foxc2,14234
Foxd1,15229
Foxd2,17301
Foxd3,15221
Foxd4,14237
Foxf1,15227
Foxf2,14238
Foxg1,15228
Foxh1,14106
Foxi1,14233
Foxj1,15223
Foxj2,60611
Foxj3,230700
Foxk1,17425
Foxk2,68837
Foxl1,14241
Foxm1,14235
Foxn2,14236
Foxn3,71375
Foxn4,116810
Foxo1,56458
Foxo3,56484
Foxo4,54601
Foxo6,329934
Foxp1,108655
Foxp2,114142
Foxp3,20371
Foxp4,74123
Foxq1,15220
Foxs1,14239
Frk,14302
Gabpa,14390
Gabpb1,14391
Gabpb2,213054
Gata1,14460
Gata2,14461
Gata3,14462
Gata4,14463
Gata5,14464
Gata6,14465
Gatad1,67210
Gatad2b,229542
Gbx1,231044
Gbx2,14472
Gcfc2,330361
Gcm1,14531
Gfi1,14581
Gfi1b,14582
Gli1,14632
Gli2,14633
Gli3,14634
Glis1,230587
Glis2,83396
Glis3,226075
Glmp,56700
Gm10031,100039026
Gm10226,100750327
Gm12258,108167848
Gm13154,433804
Gm13212,433801
Gm13251,433791
Gm14124,100216455
Gm14139,100271882
Gm14295,100039123
Gm14305,100043387
Gm14322,626802
Gm14325,329575
Gm14326,665211
Gm14393,664987
Gm14399,100043761
Gm14401,100534275
Gm14403,433520
Gm14409,102640370
Gm14410,100043403
Gm14418,668066
Gm14419,627901
Gm14443,620790
Gm15446,100642166
Gm15698,217066
Gm17067,101056115
Gm17655,100504130
Gm20939,100044193
Gm2381,100039706
Gm28557
Gm3055,100040944
Gm35315,102638847
Gm3604,100041979
Gm3854,100416477
Gm42742
Gm43786,436336
Gm45871,108168395
Gm4724,100043915
Gm4924,237412
Gm4944,240038
Gm4969,243866
Gm5141,380850
Gm5294,384244
Gm5506,433182
Gm6871,628359
Gmeb1,56809
Gmeb2,229004
Gmnn,57441
Gnl3,30877
Gon4l,76022
Gpbp1,73274
Gpbp1l1,77110
Grhl1,195733
Grhl2,252973
Grhl3,230824
Grhpr,76238
Grip1,74053
Gsc,14836
Gsc2,195333
Gsk3b,56637
Gsx1,14842
Gsx2,14843
Gtf2a1,83602
Gtf2a1l,71828
Gtf2e1,74197
Gtf2f1,98053
Gtf2h1,14884
Gtf2h2,23894
Gtf2h3,209357
Gtf2h4,14885
Gtf2i,14886
Gtf2ird1,57080
Gtf2ird2,114674
Gzf1,74533
H2afy2,404634
H2-M2,14990,18103
Habp4,56541
Hand1,15110
Hand2,15111
Hcfc1,15161
Hcfc2,67933
Hck,15162
Hcls1,15163
Hdac1,433759
Hdac10,170787
Hdac11,232232
Hdac2,15182
Hdac3,15183
Hdac4,208727
Hdac5,15184
Hdac6,15185
Hdac7,56233
Hdac8,70315
Hdac9,79221
Hdx,245596
Heatr1,217995
Hells,15201
Helt,234219
Helz2,229003
Hes2,15206
Hes5,15208
Hes7,84653
Hesx1,15209
Hexim1,192231
Hexim2,71059
Hey1,15213
Hey2,15214
Heyl,56198
Hhex,15242
Hic1,15248
Hic2,58180
Hif1a,15251
Hif1an,319594
Hif3a,53417
Hinfp,102423
Hipk1,15257
Hipk2,15258
Hipk3,15259
Hira,15260
Hist1h1d,14957
Hivep1,110521
Hivep2,15273
Hivep3,16656
Hlf,217082
Hltf,20585
Hlx,15284
Hmbox1,219150
Hmg20a,66867
Hmga1,15361
Hmga1-rs1,111241
Hmga2,15364
Hmgb3,15354
Hmgb4,69317
Hmgxb3,106894
Hmgxb4,70823
Hmox1,15368
Hmx1,15371
Hmx2,15372
Hmx3,15373
Hnf1a,21405
Hnf1b,21410
Hnf4a,15378
Hnf4g,30942
Homez,239099
Hopx,74318
Hoxa1,15394
Hoxa10,15395
Hoxa11,15396
Hoxa13,15398
Hoxa2,15399
Hoxa3,15400
Hoxa4,15401
Hoxa5,15402
Hoxa7,15404
Hoxa9,15405
Hoxb1,15407
Hoxb13,15408
Hoxb2,103889
Hoxb3,15410
Hoxb4,15412
Hoxb5,15413
Hoxb6,15414
Hoxb7,15415
Hoxb8,15416
Hoxb9,15417
Hoxc10,209448
Hoxc11,109663
Hoxc13,15422
Hoxc4,15423
Hoxc5,15424
Hoxc6,15425
Hoxc8,15426
Hoxc9,15427
Hoxd1,15429
Hoxd10,15430
Hoxd11,15431
Hoxd12,15432
Hoxd3,15434
Hoxd4,15436
Hoxd8,15437
Hoxd9,15438
Hr,15460
Hsbp1l1,66255
Hsf1,15499
Hsf2,15500
Hsf4,26386
Hsf5,327992
Hsfy2,71066,333917
Hspa1a,193740
Htatip2,53415
Hyal2,15587
Ice1,218333
Ice2,93697
Id1,15901
Id3,15903
Id4,15904
Ifi211,381308
Ikbkap
Ikbkb,16150
Ikbkg,16151
Ikzf1,22778
Ikzf2,22779
Ikzf3,22780
Ikzf4,22781
Ikzf5,67143
Ilf2,67781
Ing3,71777
Ing4,28019
Ino80,68142
Ino80b,70020
Ino80c,225280
Ino80d,227195
Ino80e,233875
Insm1,53626
Insr,16337
Irf1,16362
Irf2,16363
Irf2bpl,238330
Irf4,16364
Irf5,27056
Irf6,54139
Irf7,54123
Irf8,15900
Irf9,16391
Irx1,16371
Irx2,16372
Irx3,16373
Irx4,50916
Irx5,54352
Isl1,16392
Isl2,104360
Isx,71597
Itch,16396
Itgb3bp,67733
Jade1,269424
Jak2,16452
Jarid2,16468
Jazf1,231986
Jdp2,81703
Jmjd1c,108829
Jmy,57748
Junb,16477
Jup,16480
Kank1,107351
Kat2a,14534
Kat2b,18519
Kat6a,244349
Kat6b,54169
Kat8,67773
Kcnip3,56461
Kctd1,106931
Kdm1a,99982
Kdm1b,218214
Kdm2a,225876
Kdm2b,30841
Kdm3a,104263
Kdm3b,277250
Kdm4a,230674
Kdm4b,193796
Kdm4c,76804
Kdm4d,244694
Kdm5a,214899
Kdm5b,75605
Kdm5c,20591
Kdm6a,22289
Kdm6b,216850
Kdm7a,338523
Kdm8,77035
Khsrp,16549
Klf1,16596
Klf10,21847
Klf11,194655
Klf12,16597
Klf13,50794
Klf14,619665
Klf15,66277
Klf16,118445
Klf17,75753
Klf2,16598
Klf3,16599
Klf4,16600
Klf5,12224
Klf6,23849
Klf7,93691
Klf8,245671
Klf9,16601
Klra1,16627,11909
Kmt2a,214162
Kmt2b,75410
Kmt2c,231051
Kmt2e,69188
Kmt5a,67956
Kmt5b,225888
Kmt5c,232811
L3mbtl1,241764
L3mbtl2,214669
L3mbtl3,237339
Lancl2,71835
Lbh,77889
Lbx1,16814
Lbx2,16815
Lcor,212391
Lcorl,209707
Ldb1,16825
Ldb2,16826
Lef1,16842
Leo1,235497
Lgals12,56072
Lgals9,16859
Lhx1,16869
Lhx2,16870
Lhx3,16871
Lhx5,16873
Lhx6,16874
Lhx8,16875
Lhx9,16876
Limd1,29806
Lin28a,83557
Lin28b,380669
Lin54,231506
Lin9,72568
Lmcd1,30937
Lmo1,109594
Lmo2,16909
Lmx1a,110648
Lmx1b,16917
Loxl2,94352
Loxl3,16950
Lpin1,14245
Lpin2,64898
Lpin3,64899
Lpxn,107321
Lrif1,321000
Lrpprc,72416
Lrrfip1,16978
Lrrfip2,71268
Lrrk2,66725
Ltf,17002
Lyl1,17095
Lzts1,211134
Mad2l2,71890
Mael,98558
Maf,17132
Mafb,16658
Maff,17133
Mafg,17134
Mafk,17135
Maged1,94275
Mak,17152
Malt1,240354
Maml1,103806
Maml3,433586
Maz,17188
Mbd1,17190
Mbd2,17191
Mbd3l1,73503
Mbd4,17193
Mbtd1,103537
Mbtps2,270669
Mdfi,17240
Mdm4,17248
Mecom,14013
Mecp2,17257
Med1,19014
Med10,28077
Med12,59024
Med12l,329650
Med13,327987
Med13l,76199
Med14,26896
Med15,94112
Med16,216154
Med17,234959
Med18,67219
Med20,56771
Med22,20933
Med23,70208
Med24,23989
Med25,75613
Med26,70625
Med27,68975
Med29,67224
Med30,69790
Med31,67279
Med6,69792
Mef2a,17258
Mef2c,17260
Mef2d,17261
Meis1,17268
Meis2,17536
Meis3,17537
Men1,17283
Meox1,17285
Meox2,17286
Mesp1,17292
Mesp2,17293
Mga,29808
Mier1,71148
Mier2,70427
Mier3,218613
Mis18bp1,217653
Mitf,17342
Mkl1
Mkl2
Mkrn2,67027
Mkx,210719
Mllt1,64144
Mllt10,17354
Mllt3,70122
Mllt6,246198
Mlx,21428
Mlxip,208104
Mlxipl,58805
Mms19,72199
Mnda
Mnt,17428
Mrgbp,73247
Msc,17681
Msl3,17692
Msx1,17701
Msx2,17702
Msx3,17703
Mta1,116870
Mta2,23942
Mta3,116871
Mtf1,17764
Mtf2,17765
Mtor,56717
Mxd1,17119
Mxd3,17121
Mxi1,17859
Myb,17863
Mybbp1a,18432
Mybl1,17864
Mybl2,17865
Myc,17869
Mycbp2,105689
Mycl,16918
Mycn,18109
Myef2,17876
Myf5,17877
Myf6,17878
Mynn,80732
Myo6,17920
Myocd,214384
Myod1,17927
Myog,17928
Myrf,225908
Myrfl,237558
Mysm1,320713
Myt1,17932
Myt1l,17933
Mzf1,109889
Naa15,74838
Nab1,17936
Nab2,17937
Nanog,71950
Ncoa1,17977
Ncoa2,17978
Ncoa3,17979
Ncoa4,27057
Ncoa7,211329
Ncor1,20185
Ncor2,20602
Nelfa,24116
Nelfb,58202
Nelfcd,57314
Neurod1,18012
Neurod2,18013
Neurod4,11923
Neurod6,11922
Neurog1,18014
Neurog2,11924
Neurog3,11925
Nfat5,54446
Nfatc1,18018
Nfatc2,18019
Nfatc2ip,18020
Nfatc3,18021
Nfatc4,73181
Nfe2,18022
Nfe2l1,18023
Nfe2l2,18024
Nfe2l3,18025
Nfia,18027
Nfib,18028
Nfic,18029
Nfil3,18030
Nfix,18032
Nfkb1,18033
Nfkb2,18034
Nfkbid,243910
Nfkbiz,80859
Nfrkb,235134
Nfx1,74164
Nfxl1,100978
Nfya,18044
Nfyb,18045
Nhlh1,18071
Nhlh2,18072
Nif3l1,65102
Nipbl,71175
Nkrf,77286
Nkx2-1,21869
Nkx2-2,18088
Nkx2-3,18089
Nkx2-4,228731
Nkx2-5,18091
Nkx2-6,18092
Nkx2-9,18094
Nkx3-1,18095
Nkx6-1,18096
Nkx6-2,14912
Nkx6-3,74561
Nlk,18099
Nlrp12,378425
Nlrp3,216799
Nme2,18103
Nmi,64685
Noc2l,57741
Nod2,257632
Nol11,68979
Notch1,18128
Notch2,18129
Notch3,18131
Notch4,18132
Npas1,18142
Npas2,18143
Npas3,27386
Npas4,225872
Npat,244879
Npm2,328440
Npm3,18150
Nr0b1,11614
Nr0b2,23957
Nr1d1,217166
Nr1d2,353187
Nr1h2,22260
Nr1h3,22259
Nr1h4,20186
Nr1h5,381463
Nr1i2,18171
Nr1i3,12355
Nr2c1,22025
Nr2c2,22026
Nr2e1,21907
Nr2e3,23958
Nr2f1,13865
Nr2f2,11819
Nr2f6,13864
Nr3c1,14815
Nr3c2,110784
Nr4a1,15370
Nr4a2,18227
Nr4a3,18124
Nr5a1,26423
Nr5a2,26424
Nr6a1,14536
Nrbf2,641340
Nrf1,18181
Nrg1,211323
Nrip1,268903
Nrip2,60345
Nsd1,18193
Nsd2,107823
Nsd3,234135
Nudt5,53893
Nup62,18226
Nup98,269966
Ogt,108155
Olig1,50914
Olig2,50913
Olig3,94222
Onecut1,15379
Onecut2,225631
Orc2,18393
Osr1,23967
Osr2,107587
Otp,18420
Otx1,18423
Otx2,18424
Ovol1,18426
Ovol2,107586
Ovol3,381867
Pabpc1l,381404
Padi2,18600
Padi4,18602
Pagr1a,67278
Pak6,214230
Parp10,671535
Parp12,243771
Parp14,547253
Parp9,80285
Patz1,56218
Pawr,114774
Pax1,18503
Pax2,18504
Pax3,18505
Pax4,18506
Pax5,18507
Pax6,18508
Pax7,18509
Pax8,18510
Pax9,18511
Paxbp1,67367
Pbrm1,66923
Pbx1,18514
Pbx2,18515
Pbx3,18516
Pbx4,80720
Pbxip1,229534
Pcbd1,13180
Pcbd2,72562
Pcgf1,69837
Pcgf2,22658
Pcgf3,69587
Pcgf5,76073
Pcgf6,71041
Pdcd4,18569
Pdlim1,54132
Pdx1,18609
Peg3,18616
Peli1,67245
Pelp1,75273
Per2,18627
Pex14,56273
Pgr,18667
Phf1,21652
Phf10,72057
Phf12,268448
Phf19,74016
Phf2,18676
Phf20,228829
Phf21a,192285
Phf21b,271305
Phf8,320595
Phip,83946
Phox2a,11859
Phox2b,18935
Phtf1,18685
Pias1,56469
Pias2,17344
Pias3,229615
Pias4,59004
Picalm,233489
Pid1,98496
Pidd1,57913
Pik3r1,18708
Pik3r2,18709
Pim1,18712
Pink1,68943
Pir,69656
Pitx1,18740
Pitx2,18741
Pitx3,18742
Pknox1,18771
Pknox2,208076
Plag1,56711
Plagl1,22634
Plagl2,54711
Plek,56193
Plk1,18817
Plk3,12795
Plscr1,22038
Pmf1,67037
Pml,18854
Pms1,227099
Polr3c,74414
Polr3f,70408
Pou2af1,18985
Pou2f1,18986
Pou2f2,18987
Pou2f3,18988
Pou3f1,18991
Pou3f2,18992
Pou3f3,18993
Pou3f4,18994
Pou4f1,18996
Pou4f2,18997
Pou5f1,18999
Pou5f2,75507
Pou6f1,19009
Pou6f2,218030
Ppara,19013
Ppard,19015
Pparg,19016
Ppargc1a,19017
Ppargc1b,170826
Pphln1,223828
Ppie,56031
Pprc1,226169
Pqbp1,54633
Pramef12,77632
Prdm1,12142
Prdm10,382066
Prdm12,381359
Prdm14,383491
Prdm15,114604
Prdm16,70673
Prdm2,110593
Prdm4,72843
Prdm5,70779
Prdm6,225518
Prdm8,77630
Prdm9,213389
Prmt1,15469
Prmt2,15468
Prmt6,99890
Prmt7,214572
Prmt8,381813
Prnp,19122
Prox1,19130
Prox2,73422
Prpf6,68879
Prrx1,18933
Prrx2,20204
Prrxl1,107751
Psen1,19164
Pspc1,66645
Pten,19211
Ptf1a,19213
Pura,19290
Purb,19291
Purg,75029
Pycard,66824
Pygo2,68911
Rad21,19357
Raf1,110157
Rag1,19373
Rai1,19377
Ralgapa1,56784
Rap2c,72065
Rara,19401
Rarb,218772
Rarg,19411
Rasd1,19416
Rax,19434
Rb1,19645
Rbak,57782
Rbbp5,213464
Rbbp8,225182
Rbck1,24105
Rbfox2,93686
Rbl1,19650
Rbl2,19651
Rbm14,56275
Rbm15,229700
Rbm15b,109095
Rbmx,19655
Rbpj,19664
Rbpjl,19668
Rbpms,19663
Rcor1,217864
Rcor2,104383
Rcor3,214742
Recql5,170472
Rel,19696
Relb,19698
Repin1,58887
Rere,68703
Rest,19712
Rexo4,227656
Rfx1,19724
Rfx2,19725
Rfx3,19726
Rfx4,71137
Rfx5,53970
Rfx6,320995
Rfx7,319758
Rfx8,619289
Rfxank,19727
Rfxap,170767
Rgcc,66214
Rhox1,385343
Rhox10,434769
Rhox11,194738,104053954,104053955,100039620
Rhox12,382282
Rhox13,73614
Rhox2a,75199,100039913
Rhox2c,100039948,434760
Rhox2d,434760,100040016
Rhox2g,434766,622301
Rhox2h,622301
Rhox4c,434759,664610
Rhox4d,664610,194856
Rhox4e,194856,636177
Rhox4g,664608
Rhox6,19202
Rhox7a,547168
Rhox7b,436198
Rhox8,434768
Rhox9,104384
Ring1,19763
Riok2,67045
Ripk3,56532
Rit1,19769
Rita1,100764
Rlf,109263
Rlim,19820
Rnf111,93836
Rnf14,56736
Rnf141,67150
Rnf168,70238
Rnf2,19821
Rnf20,109331
Rnf25,57751
Rnf4,19822
Rnf6,74132
Rnf8,58230
Rora,19883
Rorb,225998
Rorc,19885
Rpap2,231571
Rprd1a,225283
Rprd1b,70470
Rptor,74370
Rreb1,68750
Rrn3,106298
Rsf1,233532
Rsl1,380855
Rslcan18,432770
Runx1,12394
Runx1t1,12395
Runx2,12393
Runx3,12399
Ruvbl1,56505
Ruvbl2,20174
Rwdd3,66568
Rxra,20181
Rxrb,20182
Rxrg,20183
Rybp,56353
S100a8,20201
S100a9,20202
Safb,224903
Safb2,224902
Sall1,58198
Sall2,50524
Sall3,20689
Sall4,99377
Samd4b,233033
Sap130,269003
Sap30,60406
Sap30bp,57230
Sap30l,50724
Satb1,20230
Satb2,212712
Sav1,64010
Scai,320271
Scmh1,29871
Scrt1,170729
Scrt2,545474
Scx,20289
Senp1,223870
Sertad2,58172
Sertad3,170742
Setbp1,240427
Setd1a,233904
Setd2,235626
Setd6,66083
Setd7,73251
Setdb1,84505
Setdb2,239122
Sfmbt1,54650
Sfmbt2,353282
Sfrp4,20379
Sfswap,231769
Sgf29,75565
Sgk1,20393
Shox2,20429
Siah2,20439
Sim1,20464
Sim2,20465
Sin3a,20466
Sirt1,93759
Sirt5,68346
Sirt6,50721
Sirt7,209011
Six1,20471
Six2,20472
Six3,20473
Six4,20474
Six5,20475
Skap1,78473
Ski,20481
Skil,20482
Skor1,207667
Slc19a1,20509
Slc25a15,18408
Slc26a3,13487
Slc30a9,109108
Sltm,66660
Smad1,17125
Smad2,17126
Smad3,17127
Smad4,17128
Smad5,17129
Smad6,17130
Smad7,17131
Smad9,55994
Smarca1,93761
Smarca2,67155
Smarca4,20586
Smarca5,93762
Smarcad1,13990
Smarcal1,54380
Smarcc1,20588
Smarcc2,68094
Smarcd1,83797
Smarcd2,83796
Smarcd3,66993
Smurf1,75788
Smurf2,66313
Smyd1,12180
Smyd2,226830
Smyd3,69726
Snai1,20613
Snai2,20583
Snai3,30927
Snapc2,102209
Snapc4,227644
Snd1,56463
Snip1,76793
Sohlh1,227631
Sohlh2,74434
Sox1,20664
Sox10,20665
Sox11,20666
Sox12,20667
Sox13,20668
Sox14,20669
Sox15,20670
Sox17,20671
Sox18,20672
Sox2,20674
Sox21,223227
Sox2ot,320478,20674
Sox3,20675
Sox30,214105
Sox4,20677
Sox5,20678
Sox6,20679
Sox7,20680
Sox8,20681
Sox9,20682
Sp1,20683
Sp100,20684
Sp110,109032
Sp140,434484
Sp2,78912
Sp3,20687
Sp4,20688
Sp5,64406
Sp6,83395
Sp7,170574
Sp8,320145
Sp9,381373
Spag8,433700
Spdef,30051
Spen,56381
Spi1,20375
Spib,272382
Spic,20728
Spz1,79401
Src,20779
Srcap,100043597
Srebf1,20787
Srebf2,20788
Srf,20807
Srfbp1,67222
Ss18,268996
Ss18l1,269397
Ss18l2,26901
Ssbp2,66970
Ssbp3,72475
St18,240690
Stat1,20846
Stat2,20847
Stat3,20848
Stat4,20849
Stat5a,20850
Stat5b,20851
Stat6,20852
Stk3,56274
Stk36,269209
Strn3,94186
Suds3,71954
Sufu,24069
Supt16,114741
Supt20,56790
Supt3,109115
Supt6,20926,73473
Supt7l,72195
Suv39h1,20937
Suv39h2,64707
Suz12,52615
Syk,20963
T,20998,20997
T2,21331,72949,21956
Tab1,66513
Tab3,66724
Tada1,27878
Tada2a,217031
Tada2b,231151
Tada3,101206
Taf1,270627
Taf10,24075
Taf12,66464
Taf13,99730
Taf15,70439
Taf1a,21339
Taf1b,21340
Taf1c,21341
Taf2,319944
Taf3,209361
Taf4,228980
Taf4b,72504
Taf5,226182
Taf5l,102162
Taf6,21343
Taf7,24074
Taf7l,74469
Taf8,63856
Taf9,108143
Taf9b,407786
Tal1,21349
Tal2,21350
Tarbp1,212728
Tbl1x,21372
Tbl1xr1,81004
Tbp,21374
Tbr1,21375
Tbx1,21380
Tbx10,109575
Tbx15,21384
Tbx18,76365
Tbx19,83993
Tbx2,21385
Tbx20,57246
Tbx21,57765
Tbx3,21386
Tbx4,21387
Tbx5,21388
Tbx6,21389
Tcea2,21400
Tceal1,237052
Tceal5,331532
Tceal6,66104
Tcerg1,56070
Tcerg1l,70571
Tcf12,21406
Tcf15,21407
Tcf19,106795
Tcf20,21411
Tcf21,21412
Tcf23,69852
Tcf24,100039596
Tcf3,21423
Tcf4,21413
Tcf7,21414
Tcf7l1,21415
Tcf7l2,21416
Tcfl5,277353
Tdg,21665
Tdp2,56196
Tdrd3,219249
Tead1,21676
Tead2,21677
Tead3,21678
Tead4,21679
Tef,21685
Tenm1,23963
Tenm2,23964
Terf1,21749
Terf2,21750
Terf2ip,57321
Tesc,57816
Tet2,214133
Tfam,21780
Tfap2a,21418
Tfap2b,21419
Tfap2c,21420
Tfap4,83383
Tfb1m,224481
Tfb2m,15278
Tfcp2,21422
Tfcp2l1,81879
Tfdp1,21781
Tfdp2,211586
Tfe3,209446
Tfeb,21425
Tfec,21426
Tgfb1,21803
Tgfb1i1,21804
Tgif1,21815
Tgif2,228839
Tgif2lx1,245583
Tgif2lx2,100039551
Tgs1,116940
Thap1,73754
Thap12,72981
Thap2,66816
Thap7,69009
Thoc5,107829
Thra,21833
Thrap3,230753
Thrb,21834
Thrsp,21835
Timeless,21853
Tirap,117149
Tle1,21885
Tle2,21886
Tle3,21887
Tle4,21888
Tlx1,21908
Tlx2,21909
Tlx3,27140
Tmf1,232286
Tnip1,57783
Tnip2,231130
Tnks,21951
Tnni2,21953
Tnp1,21958
Tob1,22057
Tob2,57259
Top1mt,72960
Topors,106021
Tox,252838
Tox2,269389
Tox3,244579
Tox4,268741
Tpr,108989
Tradd,71609
Traf6,22034
Trak1,67095
Trak2,70827
Trappc2,66226
Trerf1,224829
Trib1,211770
Trib3,228775
Trim11,94091
Trim16,94092
Trim24,21848
Trim25,217069
Trim27,19720
Trim29,72169
Trim32,69807
Trim33,94093
Trim37,68729
Trim6,94088
Trim8,93679
Trip11,109181
Trip13,69716
Trip4,56404
Trip6,22051
Trp53,22059,100035621,319801,216853,66626,232685
Trp53bp1,27223
Trp63,22061
Trp73,22062,59002
Trps1,83925
Trrap,100683
Tsc22d2,72033
Tsc22d3,14605
Tsc22d4,78829
Tshz1,110796
Tshz2,228911
Tshz3,243931
Tspyl2,52808
Ttf1,22130
Ttf2,74044
Tub,22141
Tulp1,22157
Tulp2,56734
Tulp3,22158
Tulp4,68842
Twist1,22160
Twist2,13345
Txlng,353170
Txnip,56338
Ubp1,22221
Ubtf,21429
Ufl1,67490
Uncx,22255
Usf1,22278
Usf3,207806
Utf1,22286
Utp4,21771
Vax2,24113
Vdr,22337
Vegfa,22339
Vezf1,22344
Vgll1,170828
Vgll2,215031
Vgll3,73569
Vgll4,232334
Vhl,22346
Wac,225131
Wbp2nl,74716
Wdhd1,218973
Wdr5,140858
Wdtc1,230796
Wiz,22404
Wnt3a,22416
Wnt4,22417
Wt1,22431
Wtip,101543
Wwc1,211652
Wwox,80707
Wwp1,107568
Wwp2,66894
Wwtr1,97064
Xbp1,22433
Xiap,11798
Xpa,22590
Xrcc6,14375
Yaf2,67057
Yap1,22601
Ybx2,53422
Ybx3,56449
Yeats2,208146
Yy1,22632
Zbed4,223773
Zbtb1,268564
Zbtb10,229055
Zbtb11,271377
Zbtb12,193736
Zbtb14,22666
Zbtb16,235320
Zbtb17,22642
Zbtb18,30928
Zbtb2,381990
Zbtb20,56490
Zbtb21,114565
Zbtb22,81630
Zbtb24,268294
Zbtb25,109929
Zbtb26,320633
Zbtb3,75291
Zbtb32,58206
Zbtb33,56805
Zbtb34,241311
Zbtb37,240869
Zbtb38,245007
Zbtb39,320080
Zbtb4,75580
Zbtb40,230848
Zbtb41,226470
Zbtb42,382639
Zbtb43,71834
Zbtb44,235132
Zbtb45,232879
Zbtb46,72147
Zbtb48,100090
Zbtb49,75079
Zbtb5,230119
Zbtb6,241322
Zbtb7a,16969
Zbtb7b,22724
Zbtb7c,207259
Zbtb8a,73680
Zbtb8b,215627
Zcchc12,72693
Zeb1,21417
Zeb2,24136
Zfat,380993
Zfhx2,239102
Zfhx3,11906
Zfhx4,80892
Zfml,18139
Zfp1,22640
Zfp101,22643
Zfp105,22646
Zfp108,54678
Zfp109,56869
Zfp11,22648
Zfp110,65020,232966
Zfp111,56707
Zfp112,57745
Zfp113,56314
Zfp114,232966
Zfp119a,104349
Zfp119b,240120
Zfp12,231866
Zfp120,104348
Zfp128,243833
Zfp13,22654
Zfp131,72465
Zfp14,243906
Zfp141,434178
Zfp142,77264
Zfp143,20841
Zfp146,26465
Zfp148,22661,632066
Zfp157,72154
Zfp160,224585
Zfp169,67911
Zfp174,385674
Zfp180,210135
Zfp182,319535
Zfp184,193452
Zfp189,230162
Zfp191,59057
Zfp2,22678
Zfp202,80902
Zfp212,232784
Zfp213,449521
Zfp217,228913
Zfp219,69890
Zfp229,381067
Zfp235,56525
Zfp236,329002
Zfp239,22685
Zfp24,59057
Zfp248,72720
Zfp251,71591
Zfp26,22688
Zfp260,26466
Zfp263,74120
Zfp266,77519
Zfp27,22689
Zfp273,212569
Zfp275,27081
Zfp276,57247
Zfp277,246196
Zfp28,22690
Zfp280b,64453
Zfp280c,208968
Zfp280d,235469
Zfp281,226442
Zfp282,101095
Zfp286,192651,78254
Zfp287,170740
Zfp292,30046
Zfp296,63872
Zfp3,193043
Zfp30,22693
Zfp300,245368
Zfp316,54201
Zfp317,244713
Zfp318,57908
Zfp319,79233
Zfp322a,218100
Zfp324,243834
Zfp326,54367
Zfp329,67230
Zfp334,228876
Zfp335,329559
Zfp341,228807
Zfp345,545471
Zfp35,22694
Zfp354a,21408
Zfp354b,27274
Zfp354c,30944
Zfp358,140482
Zfp362,230761
Zfp366,238803
Zfp367,238673
Zfp369,170936
Zfp36l1,12192
Zfp36l2,12193
Zfp37,22696
Zfp382,233060
Zfp383,73729
Zfp384,269800
Zfp385a,29813
Zfp386,56220
Zfp39,22698
Zfp395,380912
Zfp397,69256
Zfp398,272347
Zfp40,22700
Zfp407,240476
Zfp408,381410
Zfp41,22701
Zfp410,52708
Zfp414,328801
Zfp418,232854
Zfp42,22702
Zfp420,233058
Zfp422,67255,100416808
Zfp423,94187
Zfp426,235028
Zfp429,72807
Zfp438,240186
Zfp442,668923
Zfp444,72667
Zfp445,235682
Zfp446,269870
Zfp449,78619
Zfp451,98403
Zfp454,237758
Zfp455,218311
Zfp456,408065
Zfp457,431706
Zfp458,238690
Zfp459,328274
Zfp46,22704
Zfp467,68910
Zfp472,224691
Zfp473,243963
Zfp474,66758
Zfp488,382867
Zfp493,72958
Zfp503,218820
Zfp507,668501
Zfp51,22709
Zfp511,69752
Zfp512,269639
Zfp512b,269401
Zfp513,101023
Zfp516,329003
Zfp518b,100515
Zfp52,22710
Zfp521,225207
Zfp523,224656
Zfp524,66056
Zfp526,210172
Zfp53,24132
Zfp532,328977
Zfp534,100503584
Zfp536,243937
Zfp54,22712
Zfp541,666528
Zfp551,619331
Zfp553,233887
Zfp558,72230
Zfp560,434377
Zfp563,240068
Zfp566,72556
Zfp568,243905
Zfp57,22715
Zfp574,232976
Zfp575,101544
Zfp579,68490
Zfp58,238693
Zfp580,68992
Zfp583,213011
Zfp59,22717
Zfp592,233410
Zfp593,68040
Zfp595,218314
Zfp597,71063
Zfp599,235048
Zfp60,22718
Zfp605,675812
Zfp606,67370
Zfp607a,545938
Zfp607b,112415
Zfp608,269023
Zfp609,214812
Zfp61,22719
Zfp612,234725
Zfp617,170938
Zfp618,72701
Zfp619,70227
Zfp62,22720
Zfp623,78834
Zfp626,71163
Zfp628,232816
Zfp629,320683
Zfp637,232337
Zfp638,18139
Zfp639,67778
Zfp64,22722
Zfp641,239652
Zfp644,52397
Zfp646,233905
Zfp647,239546
Zfp65,235907,223669
Zfp651,270210
Zfp652,268469
Zfp653,319601
Zfp654,72020
Zfp658,210104
Zfp661,72180
Zfp663,381405
Zfp664,269704
Zfp667,384763
Zfp668,244219
Zfp672,319475
Zfp677,210503
Zfp68,24135,235028
Zfp687,78266
Zfp688,69234
Zfp689,71131
Zfp69,381549
Zfp691,195522
Zfp692,103836,56772
Zfp697,242109
Zfp7,223669
Zfp703,353310
Zfp707,69020
Zfp709,236193
Zfp710,209225
Zfp711,245595
Zfp712,78251
Zfp715,69930
Zfp719,210105
Zfp71-rs1,22746,235907
Zfp72,238722,170763
Zfp729a,212281
Zfp729b,100416706
Zfp735,76390
Zfp738,408068
Zfp74,72723,238722
Zfp740,68744
Zfp746,69228
Zfp747,269997
Zfp748,212276
Zfp750,319530
Zfp758,224598
Zfp759,268670
Zfp760,240034
Zfp763,73451
Zfp764,233893
Zfp768,233890
Zfp770,228491
Zfp771,244216
Zfp772,232855
Zfp773,76373
Zfp775,243372
Zfp777,72306
Zfp78,330463,224694
Zfp780b,338354
Zfp784,654801
Zfp786,330301
Zfp787,67109
Zfp788,67607
Zfp790,233056
Zfp791,244556
Zfp799,240064
Zfp800,627049
Zfp808,630579
Zfp809,235047
Zfp81,224694,22688
Zfp810,235050
Zfp811,240063
Zfp819,74400
Zfp82,330502
Zfp820,75424
Zfp825,235956
Zfp827,622675
Zfp831,100043757
Zfp84,74352
Zfp846,244721
Zfp85,22746,68271
Zfp850,100043772
Zfp853,330230
Zfp865,319748
Zfp866,330788
Zfp867,237775
Zfp868,234362
Zfp869,66869
Zfp87,170763
Zfp870,240066
Zfp871,208292
Zfp872,619310
Zfp873,408062
Zfp874a,238692
Zfp874b,408067
Zfp879,214779
Zfp882,382019
Zfp9,22750
Zfp90,22751
Zfp91,109910
Zfp92,22754
Zfp93,22755
Zfp930,234358
Zfp931,353208
Zfp932,69504
Zfp933,242747
Zfp934,77117
Zfp935,71508
Zfp936,668620
Zfp937,245174
Zfp938,237411
Zfp94,22756
Zfp940,233057
Zfp941,407812
Zfp942,73233
Zfp943,74670
Zfp944,319615
Zfp945,240041
Zfp946,74149
Zfp947,210853
Zfp948,381066
Zfp949,71640
Zfp950,414758
Zfp951,626391
Zfp952,240067
Zfp953,629016
Zfp954,232853
Zfp955a,77652
Zfp955b,100043468
Zfp956,101197
Zfp958,233987
Zfp959,224893
Zfp960,449000
Zfp961,234413
Zfp963,620419
Zfp964,636741
Zfp97,22759
Zfp970,628308
Zfp971,626848
Zfp972,78703
Zfp974,73430
Zfp975,434179
Zfp976,208111
Zfp977,637776
Zfp978,108168963
Zfp979,112422
Zfp980,100041379
Zfp981,100041433
Zfp982,195531
Zfp983,73229
Zfp984,100041677
Zfp985,433804
Zfp988,666581
Zfp990,101056073
Zfp991,666532
Zfp992,433791
Zfp993,100503000
Zfp994,240038
Zfp995,70081
Zfpm1,22761
Zfpm2,22762
Zfx,22764
Zfy1,22767
Zfy2,22768,108216,22767
Zgpat,229007
Zhx1,22770
Zhx2,387609
Zhx3,320799
Zic1,22771
Zic2,22772
Zic3,22773
Zic4,22774
Zic5,65100
Zik1,22775
Zim1,22776
Zkscan1,74570
Zkscan14,67235
Zkscan17,268417
Zkscan2,210162
Zkscan3,72739
Zkscan4,544922
Zkscan5,22757
Zkscan6,52712
Zkscan7,382118
Zkscan8,93681
Zmat1,215693
Zmat3,22401
Zmiz1,328365
Zmiz2,52915
Zmym2,76007
Zmym5,219105
Zmynd8,228880
Znfx1,98999
Zscan10,332221
Zscan12,22758
Zscan2,22691
Zscan20,269585
Zscan21,22697
Zscan22,232878
Zscan25,666311
Zscan26,432731
Zscan29,99334
Zscan4c,245109
Zscan4d,545913,245109
Zxdb,668166
Zxdc,80292
Zzz3,108946
